[2025-04-01 17:39:49] development.ERROR: Method Illuminate\Auth\SessionGuard::role does not exist. {"userId":1,"exception":"[object] (BadMethodCallException(code: 0): Method Illuminate\\Auth\\SessionGuard::role does not exist. at /Users/akashchourasia/Downloads/__MACOSX/vendor/laravel/framework/src/Illuminate/Macroable/Traits/Macroable.php:113)
[stacktrace]
#0 /Users/akashchourasia/Downloads/__MACOSX/vendor/laravel/framework/src/Illuminate/Auth/AuthManager.php(340): Illuminate\\Auth\\SessionGuard->__call('role', Array)
#1 /Users/akashchourasia/Downloads/__MACOSX/app/Http/Controllers/Admin/CustomController.php(34): Illuminate\\Auth\\AuthManager->__call('role', Array)
#2 /Users/akashchourasia/Downloads/__MACOSX/vendor/laravel/framework/src/Illuminate/Routing/Controller.php(54): App\\Http\\Controllers\\Admin\\CustomController->index(Object(Illuminate\\Http\\Request))
#3 /Users/akashchourasia/Downloads/__MACOSX/vendor/laravel/framework/src/Illuminate/Routing/ControllerDispatcher.php(43): Illuminate\\Routing\\Controller->callAction('index', Array)
#4 /Users/akashchourasia/Downloads/__MACOSX/vendor/laravel/framework/src/Illuminate/Routing/Route.php(260): Illuminate\\Routing\\ControllerDispatcher->dispatch(Object(Illuminate\\Routing\\Route), Object(App\\Http\\Controllers\\Admin\\CustomController), 'index')
#5 /Users/akashchourasia/Downloads/__MACOSX/vendor/laravel/framework/src/Illuminate/Routing/Route.php(205): Illuminate\\Routing\\Route->runController()
#6 /Users/akashchourasia/Downloads/__MACOSX/vendor/laravel/framework/src/Illuminate/Routing/Router.php(798): Illuminate\\Routing\\Route->run()
#7 /Users/akashchourasia/Downloads/__MACOSX/vendor/laravel/framework/src/Illuminate/Pipeline/Pipeline.php(141): Illuminate\\Routing\\Router->Illuminate\\Routing\\{closure}(Object(Illuminate\\Http\\Request))
#8 /Users/akashchourasia/Downloads/__MACOSX/app/Http/Middleware/AdminAuthenticate.php(88): Illuminate\\Pipeline\\Pipeline->Illuminate\\Pipeline\\{closure}(Object(Illuminate\\Http\\Request))
#9 /Users/akashchourasia/Downloads/__MACOSX/vendor/laravel/framework/src/Illuminate/Pipeline/Pipeline.php(180): App\\Http\\Middleware\\AdminAuthenticate->handle(Object(Illuminate\\Http\\Request), Object(Closure))
#10 /Users/akashchourasia/Downloads/__MACOSX/app/Http/Middleware/AdminLocale.php(37): Illuminate\\Pipeline\\Pipeline->Illuminate\\Pipeline\\{closure}(Object(Illuminate\\Http\\Request))
#11 /Users/akashchourasia/Downloads/__MACOSX/vendor/laravel/framework/src/Illuminate/Pipeline/Pipeline.php(180): App\\Http\\Middleware\\AdminLocale->handle(Object(Illuminate\\Http\\Request), Object(Closure))
#12 /Users/akashchourasia/Downloads/__MACOSX/app/Http/Middleware/DebugBar.php(22): Illuminate\\Pipeline\\Pipeline->Illuminate\\Pipeline\\{closure}(Object(Illuminate\\Http\\Request))
#13 /Users/akashchourasia/Downloads/__MACOSX/vendor/laravel/framework/src/Illuminate/Pipeline/Pipeline.php(180): App\\Http\\Middleware\\DebugBar->handle(Object(Illuminate\\Http\\Request), Object(Closure))
#14 /Users/akashchourasia/Downloads/__MACOSX/app/Http/Middleware/UserLocale.php(44): Illuminate\\Pipeline\\Pipeline->Illuminate\\Pipeline\\{closure}(Object(Illuminate\\Http\\Request))
#15 /Users/akashchourasia/Downloads/__MACOSX/vendor/laravel/framework/src/Illuminate/Pipeline/Pipeline.php(180): App\\Http\\Middleware\\UserLocale->handle(Object(Illuminate\\Http\\Request), Object(Closure))
#16 /Users/akashchourasia/Downloads/__MACOSX/vendor/laravel/framework/src/Illuminate/Routing/Middleware/SubstituteBindings.php(50): Illuminate\\Pipeline\\Pipeline->Illuminate\\Pipeline\\{closure}(Object(Illuminate\\Http\\Request))
#17 /Users/akashchourasia/Downloads/__MACOSX/vendor/laravel/framework/src/Illuminate/Pipeline/Pipeline.php(180): Illuminate\\Routing\\Middleware\\SubstituteBindings->handle(Object(Illuminate\\Http\\Request), Object(Closure))
#18 /Users/akashchourasia/Downloads/__MACOSX/vendor/laravel/framework/src/Illuminate/Foundation/Http/Middleware/VerifyCsrfToken.php(78): Illuminate\\Pipeline\\Pipeline->Illuminate\\Pipeline\\{closure}(Object(Illuminate\\Http\\Request))
#19 /Users/akashchourasia/Downloads/__MACOSX/vendor/laravel/framework/src/Illuminate/Pipeline/Pipeline.php(180): Illuminate\\Foundation\\Http\\Middleware\\VerifyCsrfToken->handle(Object(Illuminate\\Http\\Request), Object(Closure))
#20 /Users/akashchourasia/Downloads/__MACOSX/vendor/laravel/framework/src/Illuminate/View/Middleware/ShareErrorsFromSession.php(49): Illuminate\\Pipeline\\Pipeline->Illuminate\\Pipeline\\{closure}(Object(Illuminate\\Http\\Request))
#21 /Users/akashchourasia/Downloads/__MACOSX/vendor/laravel/framework/src/Illuminate/Pipeline/Pipeline.php(180): Illuminate\\View\\Middleware\\ShareErrorsFromSession->handle(Object(Illuminate\\Http\\Request), Object(Closure))
#22 /Users/akashchourasia/Downloads/__MACOSX/vendor/laravel/framework/src/Illuminate/Session/Middleware/StartSession.php(121): Illuminate\\Pipeline\\Pipeline->Illuminate\\Pipeline\\{closure}(Object(Illuminate\\Http\\Request))
#23 /Users/akashchourasia/Downloads/__MACOSX/vendor/laravel/framework/src/Illuminate/Session/Middleware/StartSession.php(64): Illuminate\\Session\\Middleware\\StartSession->handleStatefulRequest(Object(Illuminate\\Http\\Request), Object(Illuminate\\Session\\Store), Object(Closure))
#24 /Users/akashchourasia/Downloads/__MACOSX/vendor/laravel/framework/src/Illuminate/Pipeline/Pipeline.php(180): Illuminate\\Session\\Middleware\\StartSession->handle(Object(Illuminate\\Http\\Request), Object(Closure))
#25 /Users/akashchourasia/Downloads/__MACOSX/vendor/laravel/framework/src/Illuminate/Cookie/Middleware/AddQueuedCookiesToResponse.php(37): Illuminate\\Pipeline\\Pipeline->Illuminate\\Pipeline\\{closure}(Object(Illuminate\\Http\\Request))
#26 /Users/akashchourasia/Downloads/__MACOSX/vendor/laravel/framework/src/Illuminate/Pipeline/Pipeline.php(180): Illuminate\\Cookie\\Middleware\\AddQueuedCookiesToResponse->handle(Object(Illuminate\\Http\\Request), Object(Closure))
#27 /Users/akashchourasia/Downloads/__MACOSX/vendor/laravel/framework/src/Illuminate/Cookie/Middleware/EncryptCookies.php(67): Illuminate\\Pipeline\\Pipeline->Illuminate\\Pipeline\\{closure}(Object(Illuminate\\Http\\Request))
#28 /Users/akashchourasia/Downloads/__MACOSX/vendor/laravel/framework/src/Illuminate/Pipeline/Pipeline.php(180): Illuminate\\Cookie\\Middleware\\EncryptCookies->handle(Object(Illuminate\\Http\\Request), Object(Closure))
#29 /Users/akashchourasia/Downloads/__MACOSX/vendor/laravel/framework/src/Illuminate/Pipeline/Pipeline.php(116): Illuminate\\Pipeline\\Pipeline->Illuminate\\Pipeline\\{closure}(Object(Illuminate\\Http\\Request))
#30 /Users/akashchourasia/Downloads/__MACOSX/vendor/laravel/framework/src/Illuminate/Routing/Router.php(799): Illuminate\\Pipeline\\Pipeline->then(Object(Closure))
#31 /Users/akashchourasia/Downloads/__MACOSX/vendor/laravel/framework/src/Illuminate/Routing/Router.php(776): Illuminate\\Routing\\Router->runRouteWithinStack(Object(Illuminate\\Routing\\Route), Object(Illuminate\\Http\\Request))
#32 /Users/akashchourasia/Downloads/__MACOSX/vendor/laravel/framework/src/Illuminate/Routing/Router.php(740): Illuminate\\Routing\\Router->runRoute(Object(Illuminate\\Http\\Request), Object(Illuminate\\Routing\\Route))
#33 /Users/akashchourasia/Downloads/__MACOSX/vendor/laravel/framework/src/Illuminate/Routing/Router.php(729): Illuminate\\Routing\\Router->dispatchToRoute(Object(Illuminate\\Http\\Request))
#34 /Users/akashchourasia/Downloads/__MACOSX/vendor/laravel/framework/src/Illuminate/Foundation/Http/Kernel.php(190): Illuminate\\Routing\\Router->dispatch(Object(Illuminate\\Http\\Request))
#35 /Users/akashchourasia/Downloads/__MACOSX/vendor/laravel/framework/src/Illuminate/Pipeline/Pipeline.php(141): Illuminate\\Foundation\\Http\\Kernel->Illuminate\\Foundation\\Http\\{closure}(Object(Illuminate\\Http\\Request))
#36 /Users/akashchourasia/Downloads/__MACOSX/vendor/barryvdh/laravel-debugbar/src/Middleware/InjectDebugbar.php(66): Illuminate\\Pipeline\\Pipeline->Illuminate\\Pipeline\\{closure}(Object(Illuminate\\Http\\Request))
#37 /Users/akashchourasia/Downloads/__MACOSX/vendor/laravel/framework/src/Illuminate/Pipeline/Pipeline.php(180): Barryvdh\\Debugbar\\Middleware\\InjectDebugbar->handle(Object(Illuminate\\Http\\Request), Object(Closure))
#38 /Users/akashchourasia/Downloads/__MACOSX/vendor/laravel/framework/src/Illuminate/Foundation/Http/Middleware/TransformsRequest.php(21): Illuminate\\Pipeline\\Pipeline->Illuminate\\Pipeline\\{closure}(Object(Illuminate\\Http\\Request))
#39 /Users/akashchourasia/Downloads/__MACOSX/vendor/laravel/framework/src/Illuminate/Foundation/Http/Middleware/ConvertEmptyStringsToNull.php(31): Illuminate\\Foundation\\Http\\Middleware\\TransformsRequest->handle(Object(Illuminate\\Http\\Request), Object(Closure))
#40 /Users/akashchourasia/Downloads/__MACOSX/vendor/laravel/framework/src/Illuminate/Pipeline/Pipeline.php(180): Illuminate\\Foundation\\Http\\Middleware\\ConvertEmptyStringsToNull->handle(Object(Illuminate\\Http\\Request), Object(Closure))
#41 /Users/akashchourasia/Downloads/__MACOSX/vendor/laravel/framework/src/Illuminate/Foundation/Http/Middleware/TransformsRequest.php(21): Illuminate\\Pipeline\\Pipeline->Illuminate\\Pipeline\\{closure}(Object(Illuminate\\Http\\Request))
#42 /Users/akashchourasia/Downloads/__MACOSX/vendor/laravel/framework/src/Illuminate/Foundation/Http/Middleware/TrimStrings.php(40): Illuminate\\Foundation\\Http\\Middleware\\TransformsRequest->handle(Object(Illuminate\\Http\\Request), Object(Closure))
#43 /Users/akashchourasia/Downloads/__MACOSX/vendor/laravel/framework/src/Illuminate/Pipeline/Pipeline.php(180): Illuminate\\Foundation\\Http\\Middleware\\TrimStrings->handle(Object(Illuminate\\Http\\Request), Object(Closure))
#44 /Users/akashchourasia/Downloads/__MACOSX/vendor/laravel/framework/src/Illuminate/Foundation/Http/Middleware/ValidatePostSize.php(27): Illuminate\\Pipeline\\Pipeline->Illuminate\\Pipeline\\{closure}(Object(Illuminate\\Http\\Request))
#45 /Users/akashchourasia/Downloads/__MACOSX/vendor/laravel/framework/src/Illuminate/Pipeline/Pipeline.php(180): Illuminate\\Foundation\\Http\\Middleware\\ValidatePostSize->handle(Object(Illuminate\\Http\\Request), Object(Closure))
#46 /Users/akashchourasia/Downloads/__MACOSX/vendor/laravel/framework/src/Illuminate/Foundation/Http/Middleware/PreventRequestsDuringMaintenance.php(86): Illuminate\\Pipeline\\Pipeline->Illuminate\\Pipeline\\{closure}(Object(Illuminate\\Http\\Request))
#47 /Users/akashchourasia/Downloads/__MACOSX/vendor/laravel/framework/src/Illuminate/Pipeline/Pipeline.php(180): Illuminate\\Foundation\\Http\\Middleware\\PreventRequestsDuringMaintenance->handle(Object(Illuminate\\Http\\Request), Object(Closure))
#48 /Users/akashchourasia/Downloads/__MACOSX/vendor/fruitcake/laravel-cors/src/HandleCors.php(38): Illuminate\\Pipeline\\Pipeline->Illuminate\\Pipeline\\{closure}(Object(Illuminate\\Http\\Request))
#49 /Users/akashchourasia/Downloads/__MACOSX/vendor/laravel/framework/src/Illuminate/Pipeline/Pipeline.php(180): Fruitcake\\Cors\\HandleCors->handle(Object(Illuminate\\Http\\Request), Object(Closure))
#50 /Users/akashchourasia/Downloads/__MACOSX/vendor/laravel/framework/src/Illuminate/Http/Middleware/TrustProxies.php(39): Illuminate\\Pipeline\\Pipeline->Illuminate\\Pipeline\\{closure}(Object(Illuminate\\Http\\Request))
#51 /Users/akashchourasia/Downloads/__MACOSX/vendor/laravel/framework/src/Illuminate/Pipeline/Pipeline.php(180): Illuminate\\Http\\Middleware\\TrustProxies->handle(Object(Illuminate\\Http\\Request), Object(Closure))
#52 /Users/akashchourasia/Downloads/__MACOSX/vendor/laravel/framework/src/Illuminate/Pipeline/Pipeline.php(116): Illuminate\\Pipeline\\Pipeline->Illuminate\\Pipeline\\{closure}(Object(Illuminate\\Http\\Request))
#53 /Users/akashchourasia/Downloads/__MACOSX/vendor/laravel/framework/src/Illuminate/Foundation/Http/Kernel.php(165): Illuminate\\Pipeline\\Pipeline->then(Object(Closure))
#54 /Users/akashchourasia/Downloads/__MACOSX/vendor/laravel/framework/src/Illuminate/Foundation/Http/Kernel.php(134): Illuminate\\Foundation\\Http\\Kernel->sendRequestThroughRouter(Object(Illuminate\\Http\\Request))
#55 /Users/akashchourasia/Downloads/__MACOSX/public/index.php(52): Illuminate\\Foundation\\Http\\Kernel->handle(Object(Illuminate\\Http\\Request))
#56 /Users/akashchourasia/Downloads/__MACOSX/vendor/laravel/framework/src/Illuminate/Foundation/resources/server.php(16): require_once('/Users/akashcho...')
#57 {main}
"} 
[2025-04-01 17:43:46] development.ERROR: Call to undefined method App\User::attributes() {"userId":1,"exception":"[object] (BadMethodCallException(code: 0): Call to undefined method App\\User::attributes() at /Users/akashchourasia/Downloads/__MACOSX/vendor/laravel/framework/src/Illuminate/Support/Traits/ForwardsCalls.php:71)
[stacktrace]
#0 /Users/akashchourasia/Downloads/__MACOSX/vendor/laravel/framework/src/Illuminate/Support/Traits/ForwardsCalls.php(36): Illuminate\\Database\\Eloquent\\Model::throwBadMethodCallException('attributes')
#1 /Users/akashchourasia/Downloads/__MACOSX/vendor/laravel/framework/src/Illuminate/Database/Eloquent/Model.php(2330): Illuminate\\Database\\Eloquent\\Model->forwardCallTo(Object(Illuminate\\Database\\Eloquent\\Builder), 'attributes', Array)
#2 /Users/akashchourasia/Downloads/__MACOSX/app/Http/Controllers/Admin/CustomController.php(34): Illuminate\\Database\\Eloquent\\Model->__call('attributes', Array)
#3 /Users/akashchourasia/Downloads/__MACOSX/vendor/laravel/framework/src/Illuminate/Routing/Controller.php(54): App\\Http\\Controllers\\Admin\\CustomController->index(Object(Illuminate\\Http\\Request))
#4 /Users/akashchourasia/Downloads/__MACOSX/vendor/laravel/framework/src/Illuminate/Routing/ControllerDispatcher.php(43): Illuminate\\Routing\\Controller->callAction('index', Array)
#5 /Users/akashchourasia/Downloads/__MACOSX/vendor/laravel/framework/src/Illuminate/Routing/Route.php(260): Illuminate\\Routing\\ControllerDispatcher->dispatch(Object(Illuminate\\Routing\\Route), Object(App\\Http\\Controllers\\Admin\\CustomController), 'index')
#6 /Users/akashchourasia/Downloads/__MACOSX/vendor/laravel/framework/src/Illuminate/Routing/Route.php(205): Illuminate\\Routing\\Route->runController()
#7 /Users/akashchourasia/Downloads/__MACOSX/vendor/laravel/framework/src/Illuminate/Routing/Router.php(798): Illuminate\\Routing\\Route->run()
#8 /Users/akashchourasia/Downloads/__MACOSX/vendor/laravel/framework/src/Illuminate/Pipeline/Pipeline.php(141): Illuminate\\Routing\\Router->Illuminate\\Routing\\{closure}(Object(Illuminate\\Http\\Request))
#9 /Users/akashchourasia/Downloads/__MACOSX/app/Http/Middleware/AdminAuthenticate.php(88): Illuminate\\Pipeline\\Pipeline->Illuminate\\Pipeline\\{closure}(Object(Illuminate\\Http\\Request))
#10 /Users/akashchourasia/Downloads/__MACOSX/vendor/laravel/framework/src/Illuminate/Pipeline/Pipeline.php(180): App\\Http\\Middleware\\AdminAuthenticate->handle(Object(Illuminate\\Http\\Request), Object(Closure))
#11 /Users/akashchourasia/Downloads/__MACOSX/app/Http/Middleware/AdminLocale.php(37): Illuminate\\Pipeline\\Pipeline->Illuminate\\Pipeline\\{closure}(Object(Illuminate\\Http\\Request))
#12 /Users/akashchourasia/Downloads/__MACOSX/vendor/laravel/framework/src/Illuminate/Pipeline/Pipeline.php(180): App\\Http\\Middleware\\AdminLocale->handle(Object(Illuminate\\Http\\Request), Object(Closure))
#13 /Users/akashchourasia/Downloads/__MACOSX/app/Http/Middleware/DebugBar.php(22): Illuminate\\Pipeline\\Pipeline->Illuminate\\Pipeline\\{closure}(Object(Illuminate\\Http\\Request))
#14 /Users/akashchourasia/Downloads/__MACOSX/vendor/laravel/framework/src/Illuminate/Pipeline/Pipeline.php(180): App\\Http\\Middleware\\DebugBar->handle(Object(Illuminate\\Http\\Request), Object(Closure))
#15 /Users/akashchourasia/Downloads/__MACOSX/app/Http/Middleware/UserLocale.php(44): Illuminate\\Pipeline\\Pipeline->Illuminate\\Pipeline\\{closure}(Object(Illuminate\\Http\\Request))
#16 /Users/akashchourasia/Downloads/__MACOSX/vendor/laravel/framework/src/Illuminate/Pipeline/Pipeline.php(180): App\\Http\\Middleware\\UserLocale->handle(Object(Illuminate\\Http\\Request), Object(Closure))
#17 /Users/akashchourasia/Downloads/__MACOSX/vendor/laravel/framework/src/Illuminate/Routing/Middleware/SubstituteBindings.php(50): Illuminate\\Pipeline\\Pipeline->Illuminate\\Pipeline\\{closure}(Object(Illuminate\\Http\\Request))
#18 /Users/akashchourasia/Downloads/__MACOSX/vendor/laravel/framework/src/Illuminate/Pipeline/Pipeline.php(180): Illuminate\\Routing\\Middleware\\SubstituteBindings->handle(Object(Illuminate\\Http\\Request), Object(Closure))
#19 /Users/akashchourasia/Downloads/__MACOSX/vendor/laravel/framework/src/Illuminate/Foundation/Http/Middleware/VerifyCsrfToken.php(78): Illuminate\\Pipeline\\Pipeline->Illuminate\\Pipeline\\{closure}(Object(Illuminate\\Http\\Request))
#20 /Users/akashchourasia/Downloads/__MACOSX/vendor/laravel/framework/src/Illuminate/Pipeline/Pipeline.php(180): Illuminate\\Foundation\\Http\\Middleware\\VerifyCsrfToken->handle(Object(Illuminate\\Http\\Request), Object(Closure))
#21 /Users/akashchourasia/Downloads/__MACOSX/vendor/laravel/framework/src/Illuminate/View/Middleware/ShareErrorsFromSession.php(49): Illuminate\\Pipeline\\Pipeline->Illuminate\\Pipeline\\{closure}(Object(Illuminate\\Http\\Request))
#22 /Users/akashchourasia/Downloads/__MACOSX/vendor/laravel/framework/src/Illuminate/Pipeline/Pipeline.php(180): Illuminate\\View\\Middleware\\ShareErrorsFromSession->handle(Object(Illuminate\\Http\\Request), Object(Closure))
#23 /Users/akashchourasia/Downloads/__MACOSX/vendor/laravel/framework/src/Illuminate/Session/Middleware/StartSession.php(121): Illuminate\\Pipeline\\Pipeline->Illuminate\\Pipeline\\{closure}(Object(Illuminate\\Http\\Request))
#24 /Users/akashchourasia/Downloads/__MACOSX/vendor/laravel/framework/src/Illuminate/Session/Middleware/StartSession.php(64): Illuminate\\Session\\Middleware\\StartSession->handleStatefulRequest(Object(Illuminate\\Http\\Request), Object(Illuminate\\Session\\Store), Object(Closure))
#25 /Users/akashchourasia/Downloads/__MACOSX/vendor/laravel/framework/src/Illuminate/Pipeline/Pipeline.php(180): Illuminate\\Session\\Middleware\\StartSession->handle(Object(Illuminate\\Http\\Request), Object(Closure))
#26 /Users/akashchourasia/Downloads/__MACOSX/vendor/laravel/framework/src/Illuminate/Cookie/Middleware/AddQueuedCookiesToResponse.php(37): Illuminate\\Pipeline\\Pipeline->Illuminate\\Pipeline\\{closure}(Object(Illuminate\\Http\\Request))
#27 /Users/akashchourasia/Downloads/__MACOSX/vendor/laravel/framework/src/Illuminate/Pipeline/Pipeline.php(180): Illuminate\\Cookie\\Middleware\\AddQueuedCookiesToResponse->handle(Object(Illuminate\\Http\\Request), Object(Closure))
#28 /Users/akashchourasia/Downloads/__MACOSX/vendor/laravel/framework/src/Illuminate/Cookie/Middleware/EncryptCookies.php(67): Illuminate\\Pipeline\\Pipeline->Illuminate\\Pipeline\\{closure}(Object(Illuminate\\Http\\Request))
#29 /Users/akashchourasia/Downloads/__MACOSX/vendor/laravel/framework/src/Illuminate/Pipeline/Pipeline.php(180): Illuminate\\Cookie\\Middleware\\EncryptCookies->handle(Object(Illuminate\\Http\\Request), Object(Closure))
#30 /Users/akashchourasia/Downloads/__MACOSX/vendor/laravel/framework/src/Illuminate/Pipeline/Pipeline.php(116): Illuminate\\Pipeline\\Pipeline->Illuminate\\Pipeline\\{closure}(Object(Illuminate\\Http\\Request))
#31 /Users/akashchourasia/Downloads/__MACOSX/vendor/laravel/framework/src/Illuminate/Routing/Router.php(799): Illuminate\\Pipeline\\Pipeline->then(Object(Closure))
#32 /Users/akashchourasia/Downloads/__MACOSX/vendor/laravel/framework/src/Illuminate/Routing/Router.php(776): Illuminate\\Routing\\Router->runRouteWithinStack(Object(Illuminate\\Routing\\Route), Object(Illuminate\\Http\\Request))
#33 /Users/akashchourasia/Downloads/__MACOSX/vendor/laravel/framework/src/Illuminate/Routing/Router.php(740): Illuminate\\Routing\\Router->runRoute(Object(Illuminate\\Http\\Request), Object(Illuminate\\Routing\\Route))
#34 /Users/akashchourasia/Downloads/__MACOSX/vendor/laravel/framework/src/Illuminate/Routing/Router.php(729): Illuminate\\Routing\\Router->dispatchToRoute(Object(Illuminate\\Http\\Request))
#35 /Users/akashchourasia/Downloads/__MACOSX/vendor/laravel/framework/src/Illuminate/Foundation/Http/Kernel.php(190): Illuminate\\Routing\\Router->dispatch(Object(Illuminate\\Http\\Request))
#36 /Users/akashchourasia/Downloads/__MACOSX/vendor/laravel/framework/src/Illuminate/Pipeline/Pipeline.php(141): Illuminate\\Foundation\\Http\\Kernel->Illuminate\\Foundation\\Http\\{closure}(Object(Illuminate\\Http\\Request))
#37 /Users/akashchourasia/Downloads/__MACOSX/vendor/barryvdh/laravel-debugbar/src/Middleware/InjectDebugbar.php(66): Illuminate\\Pipeline\\Pipeline->Illuminate\\Pipeline\\{closure}(Object(Illuminate\\Http\\Request))
#38 /Users/akashchourasia/Downloads/__MACOSX/vendor/laravel/framework/src/Illuminate/Pipeline/Pipeline.php(180): Barryvdh\\Debugbar\\Middleware\\InjectDebugbar->handle(Object(Illuminate\\Http\\Request), Object(Closure))
#39 /Users/akashchourasia/Downloads/__MACOSX/vendor/laravel/framework/src/Illuminate/Foundation/Http/Middleware/TransformsRequest.php(21): Illuminate\\Pipeline\\Pipeline->Illuminate\\Pipeline\\{closure}(Object(Illuminate\\Http\\Request))
#40 /Users/akashchourasia/Downloads/__MACOSX/vendor/laravel/framework/src/Illuminate/Foundation/Http/Middleware/ConvertEmptyStringsToNull.php(31): Illuminate\\Foundation\\Http\\Middleware\\TransformsRequest->handle(Object(Illuminate\\Http\\Request), Object(Closure))
#41 /Users/akashchourasia/Downloads/__MACOSX/vendor/laravel/framework/src/Illuminate/Pipeline/Pipeline.php(180): Illuminate\\Foundation\\Http\\Middleware\\ConvertEmptyStringsToNull->handle(Object(Illuminate\\Http\\Request), Object(Closure))
#42 /Users/akashchourasia/Downloads/__MACOSX/vendor/laravel/framework/src/Illuminate/Foundation/Http/Middleware/TransformsRequest.php(21): Illuminate\\Pipeline\\Pipeline->Illuminate\\Pipeline\\{closure}(Object(Illuminate\\Http\\Request))
#43 /Users/akashchourasia/Downloads/__MACOSX/vendor/laravel/framework/src/Illuminate/Foundation/Http/Middleware/TrimStrings.php(40): Illuminate\\Foundation\\Http\\Middleware\\TransformsRequest->handle(Object(Illuminate\\Http\\Request), Object(Closure))
#44 /Users/akashchourasia/Downloads/__MACOSX/vendor/laravel/framework/src/Illuminate/Pipeline/Pipeline.php(180): Illuminate\\Foundation\\Http\\Middleware\\TrimStrings->handle(Object(Illuminate\\Http\\Request), Object(Closure))
#45 /Users/akashchourasia/Downloads/__MACOSX/vendor/laravel/framework/src/Illuminate/Foundation/Http/Middleware/ValidatePostSize.php(27): Illuminate\\Pipeline\\Pipeline->Illuminate\\Pipeline\\{closure}(Object(Illuminate\\Http\\Request))
#46 /Users/akashchourasia/Downloads/__MACOSX/vendor/laravel/framework/src/Illuminate/Pipeline/Pipeline.php(180): Illuminate\\Foundation\\Http\\Middleware\\ValidatePostSize->handle(Object(Illuminate\\Http\\Request), Object(Closure))
#47 /Users/akashchourasia/Downloads/__MACOSX/vendor/laravel/framework/src/Illuminate/Foundation/Http/Middleware/PreventRequestsDuringMaintenance.php(86): Illuminate\\Pipeline\\Pipeline->Illuminate\\Pipeline\\{closure}(Object(Illuminate\\Http\\Request))
#48 /Users/akashchourasia/Downloads/__MACOSX/vendor/laravel/framework/src/Illuminate/Pipeline/Pipeline.php(180): Illuminate\\Foundation\\Http\\Middleware\\PreventRequestsDuringMaintenance->handle(Object(Illuminate\\Http\\Request), Object(Closure))
#49 /Users/akashchourasia/Downloads/__MACOSX/vendor/fruitcake/laravel-cors/src/HandleCors.php(38): Illuminate\\Pipeline\\Pipeline->Illuminate\\Pipeline\\{closure}(Object(Illuminate\\Http\\Request))
#50 /Users/akashchourasia/Downloads/__MACOSX/vendor/laravel/framework/src/Illuminate/Pipeline/Pipeline.php(180): Fruitcake\\Cors\\HandleCors->handle(Object(Illuminate\\Http\\Request), Object(Closure))
#51 /Users/akashchourasia/Downloads/__MACOSX/vendor/laravel/framework/src/Illuminate/Http/Middleware/TrustProxies.php(39): Illuminate\\Pipeline\\Pipeline->Illuminate\\Pipeline\\{closure}(Object(Illuminate\\Http\\Request))
#52 /Users/akashchourasia/Downloads/__MACOSX/vendor/laravel/framework/src/Illuminate/Pipeline/Pipeline.php(180): Illuminate\\Http\\Middleware\\TrustProxies->handle(Object(Illuminate\\Http\\Request), Object(Closure))
#53 /Users/akashchourasia/Downloads/__MACOSX/vendor/laravel/framework/src/Illuminate/Pipeline/Pipeline.php(116): Illuminate\\Pipeline\\Pipeline->Illuminate\\Pipeline\\{closure}(Object(Illuminate\\Http\\Request))
#54 /Users/akashchourasia/Downloads/__MACOSX/vendor/laravel/framework/src/Illuminate/Foundation/Http/Kernel.php(165): Illuminate\\Pipeline\\Pipeline->then(Object(Closure))
#55 /Users/akashchourasia/Downloads/__MACOSX/vendor/laravel/framework/src/Illuminate/Foundation/Http/Kernel.php(134): Illuminate\\Foundation\\Http\\Kernel->sendRequestThroughRouter(Object(Illuminate\\Http\\Request))
#56 /Users/akashchourasia/Downloads/__MACOSX/public/index.php(52): Illuminate\\Foundation\\Http\\Kernel->handle(Object(Illuminate\\Http\\Request))
#57 /Users/akashchourasia/Downloads/__MACOSX/vendor/laravel/framework/src/Illuminate/Foundation/resources/server.php(16): require_once('/Users/akashcho...')
#58 {main}
"} 
[2025-04-01 17:44:00] development.ERROR: Undefined constant "App\Http\Controllers\Admin\attributes" {"userId":1,"exception":"[object] (Error(code: 0): Undefined constant \"App\\Http\\Controllers\\Admin\\attributes\" at /Users/akashchourasia/Downloads/__MACOSX/app/Http/Controllers/Admin/CustomController.php:34)
[stacktrace]
#0 /Users/akashchourasia/Downloads/__MACOSX/vendor/laravel/framework/src/Illuminate/Routing/Controller.php(54): App\\Http\\Controllers\\Admin\\CustomController->index(Object(Illuminate\\Http\\Request))
#1 /Users/akashchourasia/Downloads/__MACOSX/vendor/laravel/framework/src/Illuminate/Routing/ControllerDispatcher.php(43): Illuminate\\Routing\\Controller->callAction('index', Array)
#2 /Users/akashchourasia/Downloads/__MACOSX/vendor/laravel/framework/src/Illuminate/Routing/Route.php(260): Illuminate\\Routing\\ControllerDispatcher->dispatch(Object(Illuminate\\Routing\\Route), Object(App\\Http\\Controllers\\Admin\\CustomController), 'index')
#3 /Users/akashchourasia/Downloads/__MACOSX/vendor/laravel/framework/src/Illuminate/Routing/Route.php(205): Illuminate\\Routing\\Route->runController()
#4 /Users/akashchourasia/Downloads/__MACOSX/vendor/laravel/framework/src/Illuminate/Routing/Router.php(798): Illuminate\\Routing\\Route->run()
#5 /Users/akashchourasia/Downloads/__MACOSX/vendor/laravel/framework/src/Illuminate/Pipeline/Pipeline.php(141): Illuminate\\Routing\\Router->Illuminate\\Routing\\{closure}(Object(Illuminate\\Http\\Request))
#6 /Users/akashchourasia/Downloads/__MACOSX/app/Http/Middleware/AdminAuthenticate.php(88): Illuminate\\Pipeline\\Pipeline->Illuminate\\Pipeline\\{closure}(Object(Illuminate\\Http\\Request))
#7 /Users/akashchourasia/Downloads/__MACOSX/vendor/laravel/framework/src/Illuminate/Pipeline/Pipeline.php(180): App\\Http\\Middleware\\AdminAuthenticate->handle(Object(Illuminate\\Http\\Request), Object(Closure))
#8 /Users/akashchourasia/Downloads/__MACOSX/app/Http/Middleware/AdminLocale.php(37): Illuminate\\Pipeline\\Pipeline->Illuminate\\Pipeline\\{closure}(Object(Illuminate\\Http\\Request))
#9 /Users/akashchourasia/Downloads/__MACOSX/vendor/laravel/framework/src/Illuminate/Pipeline/Pipeline.php(180): App\\Http\\Middleware\\AdminLocale->handle(Object(Illuminate\\Http\\Request), Object(Closure))
#10 /Users/akashchourasia/Downloads/__MACOSX/app/Http/Middleware/DebugBar.php(22): Illuminate\\Pipeline\\Pipeline->Illuminate\\Pipeline\\{closure}(Object(Illuminate\\Http\\Request))
#11 /Users/akashchourasia/Downloads/__MACOSX/vendor/laravel/framework/src/Illuminate/Pipeline/Pipeline.php(180): App\\Http\\Middleware\\DebugBar->handle(Object(Illuminate\\Http\\Request), Object(Closure))
#12 /Users/akashchourasia/Downloads/__MACOSX/app/Http/Middleware/UserLocale.php(44): Illuminate\\Pipeline\\Pipeline->Illuminate\\Pipeline\\{closure}(Object(Illuminate\\Http\\Request))
#13 /Users/akashchourasia/Downloads/__MACOSX/vendor/laravel/framework/src/Illuminate/Pipeline/Pipeline.php(180): App\\Http\\Middleware\\UserLocale->handle(Object(Illuminate\\Http\\Request), Object(Closure))
#14 /Users/akashchourasia/Downloads/__MACOSX/vendor/laravel/framework/src/Illuminate/Routing/Middleware/SubstituteBindings.php(50): Illuminate\\Pipeline\\Pipeline->Illuminate\\Pipeline\\{closure}(Object(Illuminate\\Http\\Request))
#15 /Users/akashchourasia/Downloads/__MACOSX/vendor/laravel/framework/src/Illuminate/Pipeline/Pipeline.php(180): Illuminate\\Routing\\Middleware\\SubstituteBindings->handle(Object(Illuminate\\Http\\Request), Object(Closure))
#16 /Users/akashchourasia/Downloads/__MACOSX/vendor/laravel/framework/src/Illuminate/Foundation/Http/Middleware/VerifyCsrfToken.php(78): Illuminate\\Pipeline\\Pipeline->Illuminate\\Pipeline\\{closure}(Object(Illuminate\\Http\\Request))
#17 /Users/akashchourasia/Downloads/__MACOSX/vendor/laravel/framework/src/Illuminate/Pipeline/Pipeline.php(180): Illuminate\\Foundation\\Http\\Middleware\\VerifyCsrfToken->handle(Object(Illuminate\\Http\\Request), Object(Closure))
#18 /Users/akashchourasia/Downloads/__MACOSX/vendor/laravel/framework/src/Illuminate/View/Middleware/ShareErrorsFromSession.php(49): Illuminate\\Pipeline\\Pipeline->Illuminate\\Pipeline\\{closure}(Object(Illuminate\\Http\\Request))
#19 /Users/akashchourasia/Downloads/__MACOSX/vendor/laravel/framework/src/Illuminate/Pipeline/Pipeline.php(180): Illuminate\\View\\Middleware\\ShareErrorsFromSession->handle(Object(Illuminate\\Http\\Request), Object(Closure))
#20 /Users/akashchourasia/Downloads/__MACOSX/vendor/laravel/framework/src/Illuminate/Session/Middleware/StartSession.php(121): Illuminate\\Pipeline\\Pipeline->Illuminate\\Pipeline\\{closure}(Object(Illuminate\\Http\\Request))
#21 /Users/akashchourasia/Downloads/__MACOSX/vendor/laravel/framework/src/Illuminate/Session/Middleware/StartSession.php(64): Illuminate\\Session\\Middleware\\StartSession->handleStatefulRequest(Object(Illuminate\\Http\\Request), Object(Illuminate\\Session\\Store), Object(Closure))
#22 /Users/akashchourasia/Downloads/__MACOSX/vendor/laravel/framework/src/Illuminate/Pipeline/Pipeline.php(180): Illuminate\\Session\\Middleware\\StartSession->handle(Object(Illuminate\\Http\\Request), Object(Closure))
#23 /Users/akashchourasia/Downloads/__MACOSX/vendor/laravel/framework/src/Illuminate/Cookie/Middleware/AddQueuedCookiesToResponse.php(37): Illuminate\\Pipeline\\Pipeline->Illuminate\\Pipeline\\{closure}(Object(Illuminate\\Http\\Request))
#24 /Users/akashchourasia/Downloads/__MACOSX/vendor/laravel/framework/src/Illuminate/Pipeline/Pipeline.php(180): Illuminate\\Cookie\\Middleware\\AddQueuedCookiesToResponse->handle(Object(Illuminate\\Http\\Request), Object(Closure))
#25 /Users/akashchourasia/Downloads/__MACOSX/vendor/laravel/framework/src/Illuminate/Cookie/Middleware/EncryptCookies.php(67): Illuminate\\Pipeline\\Pipeline->Illuminate\\Pipeline\\{closure}(Object(Illuminate\\Http\\Request))
#26 /Users/akashchourasia/Downloads/__MACOSX/vendor/laravel/framework/src/Illuminate/Pipeline/Pipeline.php(180): Illuminate\\Cookie\\Middleware\\EncryptCookies->handle(Object(Illuminate\\Http\\Request), Object(Closure))
#27 /Users/akashchourasia/Downloads/__MACOSX/vendor/laravel/framework/src/Illuminate/Pipeline/Pipeline.php(116): Illuminate\\Pipeline\\Pipeline->Illuminate\\Pipeline\\{closure}(Object(Illuminate\\Http\\Request))
#28 /Users/akashchourasia/Downloads/__MACOSX/vendor/laravel/framework/src/Illuminate/Routing/Router.php(799): Illuminate\\Pipeline\\Pipeline->then(Object(Closure))
#29 /Users/akashchourasia/Downloads/__MACOSX/vendor/laravel/framework/src/Illuminate/Routing/Router.php(776): Illuminate\\Routing\\Router->runRouteWithinStack(Object(Illuminate\\Routing\\Route), Object(Illuminate\\Http\\Request))
#30 /Users/akashchourasia/Downloads/__MACOSX/vendor/laravel/framework/src/Illuminate/Routing/Router.php(740): Illuminate\\Routing\\Router->runRoute(Object(Illuminate\\Http\\Request), Object(Illuminate\\Routing\\Route))
#31 /Users/akashchourasia/Downloads/__MACOSX/vendor/laravel/framework/src/Illuminate/Routing/Router.php(729): Illuminate\\Routing\\Router->dispatchToRoute(Object(Illuminate\\Http\\Request))
#32 /Users/akashchourasia/Downloads/__MACOSX/vendor/laravel/framework/src/Illuminate/Foundation/Http/Kernel.php(190): Illuminate\\Routing\\Router->dispatch(Object(Illuminate\\Http\\Request))
#33 /Users/akashchourasia/Downloads/__MACOSX/vendor/laravel/framework/src/Illuminate/Pipeline/Pipeline.php(141): Illuminate\\Foundation\\Http\\Kernel->Illuminate\\Foundation\\Http\\{closure}(Object(Illuminate\\Http\\Request))
#34 /Users/akashchourasia/Downloads/__MACOSX/vendor/barryvdh/laravel-debugbar/src/Middleware/InjectDebugbar.php(66): Illuminate\\Pipeline\\Pipeline->Illuminate\\Pipeline\\{closure}(Object(Illuminate\\Http\\Request))
#35 /Users/akashchourasia/Downloads/__MACOSX/vendor/laravel/framework/src/Illuminate/Pipeline/Pipeline.php(180): Barryvdh\\Debugbar\\Middleware\\InjectDebugbar->handle(Object(Illuminate\\Http\\Request), Object(Closure))
#36 /Users/akashchourasia/Downloads/__MACOSX/vendor/laravel/framework/src/Illuminate/Foundation/Http/Middleware/TransformsRequest.php(21): Illuminate\\Pipeline\\Pipeline->Illuminate\\Pipeline\\{closure}(Object(Illuminate\\Http\\Request))
#37 /Users/akashchourasia/Downloads/__MACOSX/vendor/laravel/framework/src/Illuminate/Foundation/Http/Middleware/ConvertEmptyStringsToNull.php(31): Illuminate\\Foundation\\Http\\Middleware\\TransformsRequest->handle(Object(Illuminate\\Http\\Request), Object(Closure))
#38 /Users/akashchourasia/Downloads/__MACOSX/vendor/laravel/framework/src/Illuminate/Pipeline/Pipeline.php(180): Illuminate\\Foundation\\Http\\Middleware\\ConvertEmptyStringsToNull->handle(Object(Illuminate\\Http\\Request), Object(Closure))
#39 /Users/akashchourasia/Downloads/__MACOSX/vendor/laravel/framework/src/Illuminate/Foundation/Http/Middleware/TransformsRequest.php(21): Illuminate\\Pipeline\\Pipeline->Illuminate\\Pipeline\\{closure}(Object(Illuminate\\Http\\Request))
#40 /Users/akashchourasia/Downloads/__MACOSX/vendor/laravel/framework/src/Illuminate/Foundation/Http/Middleware/TrimStrings.php(40): Illuminate\\Foundation\\Http\\Middleware\\TransformsRequest->handle(Object(Illuminate\\Http\\Request), Object(Closure))
#41 /Users/akashchourasia/Downloads/__MACOSX/vendor/laravel/framework/src/Illuminate/Pipeline/Pipeline.php(180): Illuminate\\Foundation\\Http\\Middleware\\TrimStrings->handle(Object(Illuminate\\Http\\Request), Object(Closure))
#42 /Users/akashchourasia/Downloads/__MACOSX/vendor/laravel/framework/src/Illuminate/Foundation/Http/Middleware/ValidatePostSize.php(27): Illuminate\\Pipeline\\Pipeline->Illuminate\\Pipeline\\{closure}(Object(Illuminate\\Http\\Request))
#43 /Users/akashchourasia/Downloads/__MACOSX/vendor/laravel/framework/src/Illuminate/Pipeline/Pipeline.php(180): Illuminate\\Foundation\\Http\\Middleware\\ValidatePostSize->handle(Object(Illuminate\\Http\\Request), Object(Closure))
#44 /Users/akashchourasia/Downloads/__MACOSX/vendor/laravel/framework/src/Illuminate/Foundation/Http/Middleware/PreventRequestsDuringMaintenance.php(86): Illuminate\\Pipeline\\Pipeline->Illuminate\\Pipeline\\{closure}(Object(Illuminate\\Http\\Request))
#45 /Users/akashchourasia/Downloads/__MACOSX/vendor/laravel/framework/src/Illuminate/Pipeline/Pipeline.php(180): Illuminate\\Foundation\\Http\\Middleware\\PreventRequestsDuringMaintenance->handle(Object(Illuminate\\Http\\Request), Object(Closure))
#46 /Users/akashchourasia/Downloads/__MACOSX/vendor/fruitcake/laravel-cors/src/HandleCors.php(38): Illuminate\\Pipeline\\Pipeline->Illuminate\\Pipeline\\{closure}(Object(Illuminate\\Http\\Request))
#47 /Users/akashchourasia/Downloads/__MACOSX/vendor/laravel/framework/src/Illuminate/Pipeline/Pipeline.php(180): Fruitcake\\Cors\\HandleCors->handle(Object(Illuminate\\Http\\Request), Object(Closure))
#48 /Users/akashchourasia/Downloads/__MACOSX/vendor/laravel/framework/src/Illuminate/Http/Middleware/TrustProxies.php(39): Illuminate\\Pipeline\\Pipeline->Illuminate\\Pipeline\\{closure}(Object(Illuminate\\Http\\Request))
#49 /Users/akashchourasia/Downloads/__MACOSX/vendor/laravel/framework/src/Illuminate/Pipeline/Pipeline.php(180): Illuminate\\Http\\Middleware\\TrustProxies->handle(Object(Illuminate\\Http\\Request), Object(Closure))
#50 /Users/akashchourasia/Downloads/__MACOSX/vendor/laravel/framework/src/Illuminate/Pipeline/Pipeline.php(116): Illuminate\\Pipeline\\Pipeline->Illuminate\\Pipeline\\{closure}(Object(Illuminate\\Http\\Request))
#51 /Users/akashchourasia/Downloads/__MACOSX/vendor/laravel/framework/src/Illuminate/Foundation/Http/Kernel.php(165): Illuminate\\Pipeline\\Pipeline->then(Object(Closure))
#52 /Users/akashchourasia/Downloads/__MACOSX/vendor/laravel/framework/src/Illuminate/Foundation/Http/Kernel.php(134): Illuminate\\Foundation\\Http\\Kernel->sendRequestThroughRouter(Object(Illuminate\\Http\\Request))
#53 /Users/akashchourasia/Downloads/__MACOSX/public/index.php(52): Illuminate\\Foundation\\Http\\Kernel->handle(Object(Illuminate\\Http\\Request))
#54 /Users/akashchourasia/Downloads/__MACOSX/vendor/laravel/framework/src/Illuminate/Foundation/resources/server.php(16): require_once('/Users/akashcho...')
#55 {main}
"} 
[2025-04-01 17:44:48] development.ERROR: syntax error, unexpected token ";", expecting ")" {"exception":"[object] (ParseError(code: 0): syntax error, unexpected token \";\", expecting \")\" at /Users/akashchourasia/Downloads/__MACOSX/app/Http/Controllers/Admin/CustomController.php:34)
[stacktrace]
#0 /Users/akashchourasia/Downloads/__MACOSX/vendor/composer/ClassLoader.php(427): Composer\\Autoload\\{closure}('/Users/akashcho...')
#1 [internal function]: Composer\\Autoload\\ClassLoader->loadClass('App\\\\Http\\\\Contro...')
#2 /Users/akashchourasia/Downloads/__MACOSX/vendor/laravel/framework/src/Illuminate/Routing/Route.php(1091): is_a('App\\\\Http\\\\Contro...', 'Illuminate\\\\Rout...', true)
#3 /Users/akashchourasia/Downloads/__MACOSX/vendor/laravel/framework/src/Illuminate/Routing/Route.php(1030): Illuminate\\Routing\\Route->controllerMiddleware()
#4 /Users/akashchourasia/Downloads/__MACOSX/vendor/laravel/framework/src/Illuminate/Routing/Router.php(810): Illuminate\\Routing\\Route->gatherMiddleware()
#5 /Users/akashchourasia/Downloads/__MACOSX/vendor/laravel/framework/src/Illuminate/Routing/Router.php(792): Illuminate\\Routing\\Router->gatherRouteMiddleware(Object(Illuminate\\Routing\\Route))
#6 /Users/akashchourasia/Downloads/__MACOSX/vendor/laravel/framework/src/Illuminate/Routing/Router.php(776): Illuminate\\Routing\\Router->runRouteWithinStack(Object(Illuminate\\Routing\\Route), Object(Illuminate\\Http\\Request))
#7 /Users/akashchourasia/Downloads/__MACOSX/vendor/laravel/framework/src/Illuminate/Routing/Router.php(740): Illuminate\\Routing\\Router->runRoute(Object(Illuminate\\Http\\Request), Object(Illuminate\\Routing\\Route))
#8 /Users/akashchourasia/Downloads/__MACOSX/vendor/laravel/framework/src/Illuminate/Routing/Router.php(729): Illuminate\\Routing\\Router->dispatchToRoute(Object(Illuminate\\Http\\Request))
#9 /Users/akashchourasia/Downloads/__MACOSX/vendor/laravel/framework/src/Illuminate/Foundation/Http/Kernel.php(190): Illuminate\\Routing\\Router->dispatch(Object(Illuminate\\Http\\Request))
#10 /Users/akashchourasia/Downloads/__MACOSX/vendor/laravel/framework/src/Illuminate/Pipeline/Pipeline.php(141): Illuminate\\Foundation\\Http\\Kernel->Illuminate\\Foundation\\Http\\{closure}(Object(Illuminate\\Http\\Request))
#11 /Users/akashchourasia/Downloads/__MACOSX/vendor/barryvdh/laravel-debugbar/src/Middleware/InjectDebugbar.php(66): Illuminate\\Pipeline\\Pipeline->Illuminate\\Pipeline\\{closure}(Object(Illuminate\\Http\\Request))
#12 /Users/akashchourasia/Downloads/__MACOSX/vendor/laravel/framework/src/Illuminate/Pipeline/Pipeline.php(180): Barryvdh\\Debugbar\\Middleware\\InjectDebugbar->handle(Object(Illuminate\\Http\\Request), Object(Closure))
#13 /Users/akashchourasia/Downloads/__MACOSX/vendor/laravel/framework/src/Illuminate/Foundation/Http/Middleware/TransformsRequest.php(21): Illuminate\\Pipeline\\Pipeline->Illuminate\\Pipeline\\{closure}(Object(Illuminate\\Http\\Request))
#14 /Users/akashchourasia/Downloads/__MACOSX/vendor/laravel/framework/src/Illuminate/Foundation/Http/Middleware/ConvertEmptyStringsToNull.php(31): Illuminate\\Foundation\\Http\\Middleware\\TransformsRequest->handle(Object(Illuminate\\Http\\Request), Object(Closure))
#15 /Users/akashchourasia/Downloads/__MACOSX/vendor/laravel/framework/src/Illuminate/Pipeline/Pipeline.php(180): Illuminate\\Foundation\\Http\\Middleware\\ConvertEmptyStringsToNull->handle(Object(Illuminate\\Http\\Request), Object(Closure))
#16 /Users/akashchourasia/Downloads/__MACOSX/vendor/laravel/framework/src/Illuminate/Foundation/Http/Middleware/TransformsRequest.php(21): Illuminate\\Pipeline\\Pipeline->Illuminate\\Pipeline\\{closure}(Object(Illuminate\\Http\\Request))
#17 /Users/akashchourasia/Downloads/__MACOSX/vendor/laravel/framework/src/Illuminate/Foundation/Http/Middleware/TrimStrings.php(40): Illuminate\\Foundation\\Http\\Middleware\\TransformsRequest->handle(Object(Illuminate\\Http\\Request), Object(Closure))
#18 /Users/akashchourasia/Downloads/__MACOSX/vendor/laravel/framework/src/Illuminate/Pipeline/Pipeline.php(180): Illuminate\\Foundation\\Http\\Middleware\\TrimStrings->handle(Object(Illuminate\\Http\\Request), Object(Closure))
#19 /Users/akashchourasia/Downloads/__MACOSX/vendor/laravel/framework/src/Illuminate/Foundation/Http/Middleware/ValidatePostSize.php(27): Illuminate\\Pipeline\\Pipeline->Illuminate\\Pipeline\\{closure}(Object(Illuminate\\Http\\Request))
#20 /Users/akashchourasia/Downloads/__MACOSX/vendor/laravel/framework/src/Illuminate/Pipeline/Pipeline.php(180): Illuminate\\Foundation\\Http\\Middleware\\ValidatePostSize->handle(Object(Illuminate\\Http\\Request), Object(Closure))
#21 /Users/akashchourasia/Downloads/__MACOSX/vendor/laravel/framework/src/Illuminate/Foundation/Http/Middleware/PreventRequestsDuringMaintenance.php(86): Illuminate\\Pipeline\\Pipeline->Illuminate\\Pipeline\\{closure}(Object(Illuminate\\Http\\Request))
#22 /Users/akashchourasia/Downloads/__MACOSX/vendor/laravel/framework/src/Illuminate/Pipeline/Pipeline.php(180): Illuminate\\Foundation\\Http\\Middleware\\PreventRequestsDuringMaintenance->handle(Object(Illuminate\\Http\\Request), Object(Closure))
#23 /Users/akashchourasia/Downloads/__MACOSX/vendor/fruitcake/laravel-cors/src/HandleCors.php(38): Illuminate\\Pipeline\\Pipeline->Illuminate\\Pipeline\\{closure}(Object(Illuminate\\Http\\Request))
#24 /Users/akashchourasia/Downloads/__MACOSX/vendor/laravel/framework/src/Illuminate/Pipeline/Pipeline.php(180): Fruitcake\\Cors\\HandleCors->handle(Object(Illuminate\\Http\\Request), Object(Closure))
#25 /Users/akashchourasia/Downloads/__MACOSX/vendor/laravel/framework/src/Illuminate/Http/Middleware/TrustProxies.php(39): Illuminate\\Pipeline\\Pipeline->Illuminate\\Pipeline\\{closure}(Object(Illuminate\\Http\\Request))
#26 /Users/akashchourasia/Downloads/__MACOSX/vendor/laravel/framework/src/Illuminate/Pipeline/Pipeline.php(180): Illuminate\\Http\\Middleware\\TrustProxies->handle(Object(Illuminate\\Http\\Request), Object(Closure))
#27 /Users/akashchourasia/Downloads/__MACOSX/vendor/laravel/framework/src/Illuminate/Pipeline/Pipeline.php(116): Illuminate\\Pipeline\\Pipeline->Illuminate\\Pipeline\\{closure}(Object(Illuminate\\Http\\Request))
#28 /Users/akashchourasia/Downloads/__MACOSX/vendor/laravel/framework/src/Illuminate/Foundation/Http/Kernel.php(165): Illuminate\\Pipeline\\Pipeline->then(Object(Closure))
#29 /Users/akashchourasia/Downloads/__MACOSX/vendor/laravel/framework/src/Illuminate/Foundation/Http/Kernel.php(134): Illuminate\\Foundation\\Http\\Kernel->sendRequestThroughRouter(Object(Illuminate\\Http\\Request))
#30 /Users/akashchourasia/Downloads/__MACOSX/public/index.php(52): Illuminate\\Foundation\\Http\\Kernel->handle(Object(Illuminate\\Http\\Request))
#31 /Users/akashchourasia/Downloads/__MACOSX/vendor/laravel/framework/src/Illuminate/Foundation/resources/server.php(16): require_once('/Users/akashcho...')
#32 {main}
"} 
[2025-04-01 17:44:48] development.ERROR: syntax error, unexpected token ";", expecting ")" {"exception":"[object] (ParseError(code: 0): syntax error, unexpected token \";\", expecting \")\" at /Users/akashchourasia/Downloads/__MACOSX/app/Http/Controllers/Admin/CustomController.php:34)
[stacktrace]
#0 /Users/akashchourasia/Downloads/__MACOSX/vendor/composer/ClassLoader.php(427): Composer\\Autoload\\{closure}('/Users/akashcho...')
#1 [internal function]: Composer\\Autoload\\ClassLoader->loadClass('App\\\\Http\\\\Contro...')
#2 /Users/akashchourasia/Downloads/__MACOSX/vendor/barryvdh/laravel-debugbar/src/DataCollector/RouteCollector.php(78): class_exists('App\\\\Http\\\\Contro...')
#3 /Users/akashchourasia/Downloads/__MACOSX/vendor/barryvdh/laravel-debugbar/src/DataCollector/RouteCollector.php(36): Barryvdh\\Debugbar\\DataCollector\\RouteCollector->getRouteInformation(Object(Illuminate\\Routing\\Route))
#4 /Users/akashchourasia/Downloads/__MACOSX/vendor/barryvdh/laravel-debugbar/src/LaravelDebugbar.php(937): Barryvdh\\Debugbar\\DataCollector\\RouteCollector->collect()
#5 /Users/akashchourasia/Downloads/__MACOSX/vendor/maximebf/debugbar/src/DebugBar/DebugBar.php(265): Barryvdh\\Debugbar\\LaravelDebugbar->collect()
#6 /Users/akashchourasia/Downloads/__MACOSX/vendor/maximebf/debugbar/src/DebugBar/DebugBar.php(321): DebugBar\\DebugBar->getData()
#7 /Users/akashchourasia/Downloads/__MACOSX/vendor/barryvdh/laravel-debugbar/src/LaravelDebugbar.php(830): DebugBar\\DebugBar->sendDataInHeaders(true)
#8 /Users/akashchourasia/Downloads/__MACOSX/vendor/barryvdh/laravel-debugbar/src/Middleware/InjectDebugbar.php(72): Barryvdh\\Debugbar\\LaravelDebugbar->modifyResponse(Object(Illuminate\\Http\\Request), Object(Illuminate\\Http\\Response))
#9 /Users/akashchourasia/Downloads/__MACOSX/vendor/laravel/framework/src/Illuminate/Pipeline/Pipeline.php(180): Barryvdh\\Debugbar\\Middleware\\InjectDebugbar->handle(Object(Illuminate\\Http\\Request), Object(Closure))
#10 /Users/akashchourasia/Downloads/__MACOSX/vendor/laravel/framework/src/Illuminate/Foundation/Http/Middleware/TransformsRequest.php(21): Illuminate\\Pipeline\\Pipeline->Illuminate\\Pipeline\\{closure}(Object(Illuminate\\Http\\Request))
#11 /Users/akashchourasia/Downloads/__MACOSX/vendor/laravel/framework/src/Illuminate/Foundation/Http/Middleware/ConvertEmptyStringsToNull.php(31): Illuminate\\Foundation\\Http\\Middleware\\TransformsRequest->handle(Object(Illuminate\\Http\\Request), Object(Closure))
#12 /Users/akashchourasia/Downloads/__MACOSX/vendor/laravel/framework/src/Illuminate/Pipeline/Pipeline.php(180): Illuminate\\Foundation\\Http\\Middleware\\ConvertEmptyStringsToNull->handle(Object(Illuminate\\Http\\Request), Object(Closure))
#13 /Users/akashchourasia/Downloads/__MACOSX/vendor/laravel/framework/src/Illuminate/Foundation/Http/Middleware/TransformsRequest.php(21): Illuminate\\Pipeline\\Pipeline->Illuminate\\Pipeline\\{closure}(Object(Illuminate\\Http\\Request))
#14 /Users/akashchourasia/Downloads/__MACOSX/vendor/laravel/framework/src/Illuminate/Foundation/Http/Middleware/TrimStrings.php(40): Illuminate\\Foundation\\Http\\Middleware\\TransformsRequest->handle(Object(Illuminate\\Http\\Request), Object(Closure))
#15 /Users/akashchourasia/Downloads/__MACOSX/vendor/laravel/framework/src/Illuminate/Pipeline/Pipeline.php(180): Illuminate\\Foundation\\Http\\Middleware\\TrimStrings->handle(Object(Illuminate\\Http\\Request), Object(Closure))
#16 /Users/akashchourasia/Downloads/__MACOSX/vendor/laravel/framework/src/Illuminate/Foundation/Http/Middleware/ValidatePostSize.php(27): Illuminate\\Pipeline\\Pipeline->Illuminate\\Pipeline\\{closure}(Object(Illuminate\\Http\\Request))
#17 /Users/akashchourasia/Downloads/__MACOSX/vendor/laravel/framework/src/Illuminate/Pipeline/Pipeline.php(180): Illuminate\\Foundation\\Http\\Middleware\\ValidatePostSize->handle(Object(Illuminate\\Http\\Request), Object(Closure))
#18 /Users/akashchourasia/Downloads/__MACOSX/vendor/laravel/framework/src/Illuminate/Foundation/Http/Middleware/PreventRequestsDuringMaintenance.php(86): Illuminate\\Pipeline\\Pipeline->Illuminate\\Pipeline\\{closure}(Object(Illuminate\\Http\\Request))
#19 /Users/akashchourasia/Downloads/__MACOSX/vendor/laravel/framework/src/Illuminate/Pipeline/Pipeline.php(180): Illuminate\\Foundation\\Http\\Middleware\\PreventRequestsDuringMaintenance->handle(Object(Illuminate\\Http\\Request), Object(Closure))
#20 /Users/akashchourasia/Downloads/__MACOSX/vendor/fruitcake/laravel-cors/src/HandleCors.php(38): Illuminate\\Pipeline\\Pipeline->Illuminate\\Pipeline\\{closure}(Object(Illuminate\\Http\\Request))
#21 /Users/akashchourasia/Downloads/__MACOSX/vendor/laravel/framework/src/Illuminate/Pipeline/Pipeline.php(180): Fruitcake\\Cors\\HandleCors->handle(Object(Illuminate\\Http\\Request), Object(Closure))
#22 /Users/akashchourasia/Downloads/__MACOSX/vendor/laravel/framework/src/Illuminate/Http/Middleware/TrustProxies.php(39): Illuminate\\Pipeline\\Pipeline->Illuminate\\Pipeline\\{closure}(Object(Illuminate\\Http\\Request))
#23 /Users/akashchourasia/Downloads/__MACOSX/vendor/laravel/framework/src/Illuminate/Pipeline/Pipeline.php(180): Illuminate\\Http\\Middleware\\TrustProxies->handle(Object(Illuminate\\Http\\Request), Object(Closure))
#24 /Users/akashchourasia/Downloads/__MACOSX/vendor/laravel/framework/src/Illuminate/Pipeline/Pipeline.php(116): Illuminate\\Pipeline\\Pipeline->Illuminate\\Pipeline\\{closure}(Object(Illuminate\\Http\\Request))
#25 /Users/akashchourasia/Downloads/__MACOSX/vendor/laravel/framework/src/Illuminate/Foundation/Http/Kernel.php(165): Illuminate\\Pipeline\\Pipeline->then(Object(Closure))
#26 /Users/akashchourasia/Downloads/__MACOSX/vendor/laravel/framework/src/Illuminate/Foundation/Http/Kernel.php(134): Illuminate\\Foundation\\Http\\Kernel->sendRequestThroughRouter(Object(Illuminate\\Http\\Request))
#27 /Users/akashchourasia/Downloads/__MACOSX/public/index.php(52): Illuminate\\Foundation\\Http\\Kernel->handle(Object(Illuminate\\Http\\Request))
#28 /Users/akashchourasia/Downloads/__MACOSX/vendor/laravel/framework/src/Illuminate/Foundation/resources/server.php(16): require_once('/Users/akashcho...')
#29 {main}
"} 
[2025-04-01 17:45:07] development.ERROR: syntax error, unexpected token ")", expecting identifier or variable or "{" or "$" {"exception":"[object] (ParseError(code: 0): syntax error, unexpected token \")\", expecting identifier or variable or \"{\" or \"$\" at /Users/akashchourasia/Downloads/__MACOSX/app/Http/Controllers/Admin/CustomController.php:34)
[stacktrace]
#0 /Users/akashchourasia/Downloads/__MACOSX/vendor/composer/ClassLoader.php(427): Composer\\Autoload\\{closure}('/Users/akashcho...')
#1 [internal function]: Composer\\Autoload\\ClassLoader->loadClass('App\\\\Http\\\\Contro...')
#2 /Users/akashchourasia/Downloads/__MACOSX/vendor/laravel/framework/src/Illuminate/Routing/Route.php(1091): is_a('App\\\\Http\\\\Contro...', 'Illuminate\\\\Rout...', true)
#3 /Users/akashchourasia/Downloads/__MACOSX/vendor/laravel/framework/src/Illuminate/Routing/Route.php(1030): Illuminate\\Routing\\Route->controllerMiddleware()
#4 /Users/akashchourasia/Downloads/__MACOSX/vendor/laravel/framework/src/Illuminate/Routing/Router.php(810): Illuminate\\Routing\\Route->gatherMiddleware()
#5 /Users/akashchourasia/Downloads/__MACOSX/vendor/laravel/framework/src/Illuminate/Routing/Router.php(792): Illuminate\\Routing\\Router->gatherRouteMiddleware(Object(Illuminate\\Routing\\Route))
#6 /Users/akashchourasia/Downloads/__MACOSX/vendor/laravel/framework/src/Illuminate/Routing/Router.php(776): Illuminate\\Routing\\Router->runRouteWithinStack(Object(Illuminate\\Routing\\Route), Object(Illuminate\\Http\\Request))
#7 /Users/akashchourasia/Downloads/__MACOSX/vendor/laravel/framework/src/Illuminate/Routing/Router.php(740): Illuminate\\Routing\\Router->runRoute(Object(Illuminate\\Http\\Request), Object(Illuminate\\Routing\\Route))
#8 /Users/akashchourasia/Downloads/__MACOSX/vendor/laravel/framework/src/Illuminate/Routing/Router.php(729): Illuminate\\Routing\\Router->dispatchToRoute(Object(Illuminate\\Http\\Request))
#9 /Users/akashchourasia/Downloads/__MACOSX/vendor/laravel/framework/src/Illuminate/Foundation/Http/Kernel.php(190): Illuminate\\Routing\\Router->dispatch(Object(Illuminate\\Http\\Request))
#10 /Users/akashchourasia/Downloads/__MACOSX/vendor/laravel/framework/src/Illuminate/Pipeline/Pipeline.php(141): Illuminate\\Foundation\\Http\\Kernel->Illuminate\\Foundation\\Http\\{closure}(Object(Illuminate\\Http\\Request))
#11 /Users/akashchourasia/Downloads/__MACOSX/vendor/barryvdh/laravel-debugbar/src/Middleware/InjectDebugbar.php(66): Illuminate\\Pipeline\\Pipeline->Illuminate\\Pipeline\\{closure}(Object(Illuminate\\Http\\Request))
#12 /Users/akashchourasia/Downloads/__MACOSX/vendor/laravel/framework/src/Illuminate/Pipeline/Pipeline.php(180): Barryvdh\\Debugbar\\Middleware\\InjectDebugbar->handle(Object(Illuminate\\Http\\Request), Object(Closure))
#13 /Users/akashchourasia/Downloads/__MACOSX/vendor/laravel/framework/src/Illuminate/Foundation/Http/Middleware/TransformsRequest.php(21): Illuminate\\Pipeline\\Pipeline->Illuminate\\Pipeline\\{closure}(Object(Illuminate\\Http\\Request))
#14 /Users/akashchourasia/Downloads/__MACOSX/vendor/laravel/framework/src/Illuminate/Foundation/Http/Middleware/ConvertEmptyStringsToNull.php(31): Illuminate\\Foundation\\Http\\Middleware\\TransformsRequest->handle(Object(Illuminate\\Http\\Request), Object(Closure))
#15 /Users/akashchourasia/Downloads/__MACOSX/vendor/laravel/framework/src/Illuminate/Pipeline/Pipeline.php(180): Illuminate\\Foundation\\Http\\Middleware\\ConvertEmptyStringsToNull->handle(Object(Illuminate\\Http\\Request), Object(Closure))
#16 /Users/akashchourasia/Downloads/__MACOSX/vendor/laravel/framework/src/Illuminate/Foundation/Http/Middleware/TransformsRequest.php(21): Illuminate\\Pipeline\\Pipeline->Illuminate\\Pipeline\\{closure}(Object(Illuminate\\Http\\Request))
#17 /Users/akashchourasia/Downloads/__MACOSX/vendor/laravel/framework/src/Illuminate/Foundation/Http/Middleware/TrimStrings.php(40): Illuminate\\Foundation\\Http\\Middleware\\TransformsRequest->handle(Object(Illuminate\\Http\\Request), Object(Closure))
#18 /Users/akashchourasia/Downloads/__MACOSX/vendor/laravel/framework/src/Illuminate/Pipeline/Pipeline.php(180): Illuminate\\Foundation\\Http\\Middleware\\TrimStrings->handle(Object(Illuminate\\Http\\Request), Object(Closure))
#19 /Users/akashchourasia/Downloads/__MACOSX/vendor/laravel/framework/src/Illuminate/Foundation/Http/Middleware/ValidatePostSize.php(27): Illuminate\\Pipeline\\Pipeline->Illuminate\\Pipeline\\{closure}(Object(Illuminate\\Http\\Request))
#20 /Users/akashchourasia/Downloads/__MACOSX/vendor/laravel/framework/src/Illuminate/Pipeline/Pipeline.php(180): Illuminate\\Foundation\\Http\\Middleware\\ValidatePostSize->handle(Object(Illuminate\\Http\\Request), Object(Closure))
#21 /Users/akashchourasia/Downloads/__MACOSX/vendor/laravel/framework/src/Illuminate/Foundation/Http/Middleware/PreventRequestsDuringMaintenance.php(86): Illuminate\\Pipeline\\Pipeline->Illuminate\\Pipeline\\{closure}(Object(Illuminate\\Http\\Request))
#22 /Users/akashchourasia/Downloads/__MACOSX/vendor/laravel/framework/src/Illuminate/Pipeline/Pipeline.php(180): Illuminate\\Foundation\\Http\\Middleware\\PreventRequestsDuringMaintenance->handle(Object(Illuminate\\Http\\Request), Object(Closure))
#23 /Users/akashchourasia/Downloads/__MACOSX/vendor/fruitcake/laravel-cors/src/HandleCors.php(38): Illuminate\\Pipeline\\Pipeline->Illuminate\\Pipeline\\{closure}(Object(Illuminate\\Http\\Request))
#24 /Users/akashchourasia/Downloads/__MACOSX/vendor/laravel/framework/src/Illuminate/Pipeline/Pipeline.php(180): Fruitcake\\Cors\\HandleCors->handle(Object(Illuminate\\Http\\Request), Object(Closure))
#25 /Users/akashchourasia/Downloads/__MACOSX/vendor/laravel/framework/src/Illuminate/Http/Middleware/TrustProxies.php(39): Illuminate\\Pipeline\\Pipeline->Illuminate\\Pipeline\\{closure}(Object(Illuminate\\Http\\Request))
#26 /Users/akashchourasia/Downloads/__MACOSX/vendor/laravel/framework/src/Illuminate/Pipeline/Pipeline.php(180): Illuminate\\Http\\Middleware\\TrustProxies->handle(Object(Illuminate\\Http\\Request), Object(Closure))
#27 /Users/akashchourasia/Downloads/__MACOSX/vendor/laravel/framework/src/Illuminate/Pipeline/Pipeline.php(116): Illuminate\\Pipeline\\Pipeline->Illuminate\\Pipeline\\{closure}(Object(Illuminate\\Http\\Request))
#28 /Users/akashchourasia/Downloads/__MACOSX/vendor/laravel/framework/src/Illuminate/Foundation/Http/Kernel.php(165): Illuminate\\Pipeline\\Pipeline->then(Object(Closure))
#29 /Users/akashchourasia/Downloads/__MACOSX/vendor/laravel/framework/src/Illuminate/Foundation/Http/Kernel.php(134): Illuminate\\Foundation\\Http\\Kernel->sendRequestThroughRouter(Object(Illuminate\\Http\\Request))
#30 /Users/akashchourasia/Downloads/__MACOSX/public/index.php(52): Illuminate\\Foundation\\Http\\Kernel->handle(Object(Illuminate\\Http\\Request))
#31 /Users/akashchourasia/Downloads/__MACOSX/vendor/laravel/framework/src/Illuminate/Foundation/resources/server.php(16): require_once('/Users/akashcho...')
#32 {main}
"} 
[2025-04-01 17:45:07] development.ERROR: syntax error, unexpected token ")", expecting identifier or variable or "{" or "$" {"exception":"[object] (ParseError(code: 0): syntax error, unexpected token \")\", expecting identifier or variable or \"{\" or \"$\" at /Users/akashchourasia/Downloads/__MACOSX/app/Http/Controllers/Admin/CustomController.php:34)
[stacktrace]
#0 /Users/akashchourasia/Downloads/__MACOSX/vendor/composer/ClassLoader.php(427): Composer\\Autoload\\{closure}('/Users/akashcho...')
#1 [internal function]: Composer\\Autoload\\ClassLoader->loadClass('App\\\\Http\\\\Contro...')
#2 /Users/akashchourasia/Downloads/__MACOSX/vendor/barryvdh/laravel-debugbar/src/DataCollector/RouteCollector.php(78): class_exists('App\\\\Http\\\\Contro...')
#3 /Users/akashchourasia/Downloads/__MACOSX/vendor/barryvdh/laravel-debugbar/src/DataCollector/RouteCollector.php(36): Barryvdh\\Debugbar\\DataCollector\\RouteCollector->getRouteInformation(Object(Illuminate\\Routing\\Route))
#4 /Users/akashchourasia/Downloads/__MACOSX/vendor/barryvdh/laravel-debugbar/src/LaravelDebugbar.php(937): Barryvdh\\Debugbar\\DataCollector\\RouteCollector->collect()
#5 /Users/akashchourasia/Downloads/__MACOSX/vendor/maximebf/debugbar/src/DebugBar/DebugBar.php(265): Barryvdh\\Debugbar\\LaravelDebugbar->collect()
#6 /Users/akashchourasia/Downloads/__MACOSX/vendor/maximebf/debugbar/src/DebugBar/DebugBar.php(321): DebugBar\\DebugBar->getData()
#7 /Users/akashchourasia/Downloads/__MACOSX/vendor/barryvdh/laravel-debugbar/src/LaravelDebugbar.php(830): DebugBar\\DebugBar->sendDataInHeaders(true)
#8 /Users/akashchourasia/Downloads/__MACOSX/vendor/barryvdh/laravel-debugbar/src/Middleware/InjectDebugbar.php(72): Barryvdh\\Debugbar\\LaravelDebugbar->modifyResponse(Object(Illuminate\\Http\\Request), Object(Illuminate\\Http\\Response))
#9 /Users/akashchourasia/Downloads/__MACOSX/vendor/laravel/framework/src/Illuminate/Pipeline/Pipeline.php(180): Barryvdh\\Debugbar\\Middleware\\InjectDebugbar->handle(Object(Illuminate\\Http\\Request), Object(Closure))
#10 /Users/akashchourasia/Downloads/__MACOSX/vendor/laravel/framework/src/Illuminate/Foundation/Http/Middleware/TransformsRequest.php(21): Illuminate\\Pipeline\\Pipeline->Illuminate\\Pipeline\\{closure}(Object(Illuminate\\Http\\Request))
#11 /Users/akashchourasia/Downloads/__MACOSX/vendor/laravel/framework/src/Illuminate/Foundation/Http/Middleware/ConvertEmptyStringsToNull.php(31): Illuminate\\Foundation\\Http\\Middleware\\TransformsRequest->handle(Object(Illuminate\\Http\\Request), Object(Closure))
#12 /Users/akashchourasia/Downloads/__MACOSX/vendor/laravel/framework/src/Illuminate/Pipeline/Pipeline.php(180): Illuminate\\Foundation\\Http\\Middleware\\ConvertEmptyStringsToNull->handle(Object(Illuminate\\Http\\Request), Object(Closure))
#13 /Users/akashchourasia/Downloads/__MACOSX/vendor/laravel/framework/src/Illuminate/Foundation/Http/Middleware/TransformsRequest.php(21): Illuminate\\Pipeline\\Pipeline->Illuminate\\Pipeline\\{closure}(Object(Illuminate\\Http\\Request))
#14 /Users/akashchourasia/Downloads/__MACOSX/vendor/laravel/framework/src/Illuminate/Foundation/Http/Middleware/TrimStrings.php(40): Illuminate\\Foundation\\Http\\Middleware\\TransformsRequest->handle(Object(Illuminate\\Http\\Request), Object(Closure))
#15 /Users/akashchourasia/Downloads/__MACOSX/vendor/laravel/framework/src/Illuminate/Pipeline/Pipeline.php(180): Illuminate\\Foundation\\Http\\Middleware\\TrimStrings->handle(Object(Illuminate\\Http\\Request), Object(Closure))
#16 /Users/akashchourasia/Downloads/__MACOSX/vendor/laravel/framework/src/Illuminate/Foundation/Http/Middleware/ValidatePostSize.php(27): Illuminate\\Pipeline\\Pipeline->Illuminate\\Pipeline\\{closure}(Object(Illuminate\\Http\\Request))
#17 /Users/akashchourasia/Downloads/__MACOSX/vendor/laravel/framework/src/Illuminate/Pipeline/Pipeline.php(180): Illuminate\\Foundation\\Http\\Middleware\\ValidatePostSize->handle(Object(Illuminate\\Http\\Request), Object(Closure))
#18 /Users/akashchourasia/Downloads/__MACOSX/vendor/laravel/framework/src/Illuminate/Foundation/Http/Middleware/PreventRequestsDuringMaintenance.php(86): Illuminate\\Pipeline\\Pipeline->Illuminate\\Pipeline\\{closure}(Object(Illuminate\\Http\\Request))
#19 /Users/akashchourasia/Downloads/__MACOSX/vendor/laravel/framework/src/Illuminate/Pipeline/Pipeline.php(180): Illuminate\\Foundation\\Http\\Middleware\\PreventRequestsDuringMaintenance->handle(Object(Illuminate\\Http\\Request), Object(Closure))
#20 /Users/akashchourasia/Downloads/__MACOSX/vendor/fruitcake/laravel-cors/src/HandleCors.php(38): Illuminate\\Pipeline\\Pipeline->Illuminate\\Pipeline\\{closure}(Object(Illuminate\\Http\\Request))
#21 /Users/akashchourasia/Downloads/__MACOSX/vendor/laravel/framework/src/Illuminate/Pipeline/Pipeline.php(180): Fruitcake\\Cors\\HandleCors->handle(Object(Illuminate\\Http\\Request), Object(Closure))
#22 /Users/akashchourasia/Downloads/__MACOSX/vendor/laravel/framework/src/Illuminate/Http/Middleware/TrustProxies.php(39): Illuminate\\Pipeline\\Pipeline->Illuminate\\Pipeline\\{closure}(Object(Illuminate\\Http\\Request))
#23 /Users/akashchourasia/Downloads/__MACOSX/vendor/laravel/framework/src/Illuminate/Pipeline/Pipeline.php(180): Illuminate\\Http\\Middleware\\TrustProxies->handle(Object(Illuminate\\Http\\Request), Object(Closure))
#24 /Users/akashchourasia/Downloads/__MACOSX/vendor/laravel/framework/src/Illuminate/Pipeline/Pipeline.php(116): Illuminate\\Pipeline\\Pipeline->Illuminate\\Pipeline\\{closure}(Object(Illuminate\\Http\\Request))
#25 /Users/akashchourasia/Downloads/__MACOSX/vendor/laravel/framework/src/Illuminate/Foundation/Http/Kernel.php(165): Illuminate\\Pipeline\\Pipeline->then(Object(Closure))
#26 /Users/akashchourasia/Downloads/__MACOSX/vendor/laravel/framework/src/Illuminate/Foundation/Http/Kernel.php(134): Illuminate\\Foundation\\Http\\Kernel->sendRequestThroughRouter(Object(Illuminate\\Http\\Request))
#27 /Users/akashchourasia/Downloads/__MACOSX/public/index.php(52): Illuminate\\Foundation\\Http\\Kernel->handle(Object(Illuminate\\Http\\Request))
#28 /Users/akashchourasia/Downloads/__MACOSX/vendor/laravel/framework/src/Illuminate/Foundation/resources/server.php(16): require_once('/Users/akashcho...')
#29 {main}
"} 
[2025-04-02 17:08:08] development.ERROR: SQLSTATE[HY000] [1045] Access denied for user 'root'@'localhost' (using password: YES) (SQL: select * from `sections`) {"exception":"[object] (Illuminate\\Database\\QueryException(code: 1045): SQLSTATE[HY000] [1045] Access denied for user 'root'@'localhost' (using password: YES) (SQL: select * from `sections`) at /Users/akashchourasia/Downloads/__MACOSX/vendor/laravel/framework/src/Illuminate/Database/Connection.php:760)
[stacktrace]
#0 /Users/akashchourasia/Downloads/__MACOSX/vendor/laravel/framework/src/Illuminate/Database/Connection.php(720): Illuminate\\Database\\Connection->runQueryCallback('select * from `...', Array, Object(Closure))
#1 /Users/akashchourasia/Downloads/__MACOSX/vendor/laravel/framework/src/Illuminate/Database/Connection.php(422): Illuminate\\Database\\Connection->run('select * from `...', Array, Object(Closure))
#2 /Users/akashchourasia/Downloads/__MACOSX/vendor/laravel/framework/src/Illuminate/Database/Query/Builder.php(2706): Illuminate\\Database\\Connection->select('select * from `...', Array, true)
#3 /Users/akashchourasia/Downloads/__MACOSX/vendor/laravel/framework/src/Illuminate/Database/Query/Builder.php(2694): Illuminate\\Database\\Query\\Builder->runSelect()
#4 /Users/akashchourasia/Downloads/__MACOSX/vendor/laravel/framework/src/Illuminate/Database/Query/Builder.php(3230): Illuminate\\Database\\Query\\Builder->Illuminate\\Database\\Query\\{closure}()
#5 /Users/akashchourasia/Downloads/__MACOSX/vendor/laravel/framework/src/Illuminate/Database/Query/Builder.php(2695): Illuminate\\Database\\Query\\Builder->onceWithColumns(Array, Object(Closure))
#6 /Users/akashchourasia/Downloads/__MACOSX/vendor/laravel/framework/src/Illuminate/Database/Eloquent/Builder.php(710): Illuminate\\Database\\Query\\Builder->get(Array)
#7 /Users/akashchourasia/Downloads/__MACOSX/vendor/laravel/framework/src/Illuminate/Database/Eloquent/Builder.php(694): Illuminate\\Database\\Eloquent\\Builder->getModels(Array)
#8 /Users/akashchourasia/Downloads/__MACOSX/vendor/laravel/framework/src/Illuminate/Database/Eloquent/Model.php(674): Illuminate\\Database\\Eloquent\\Builder->get(Array)
#9 /Users/akashchourasia/Downloads/__MACOSX/app/Providers/AuthServiceProvider.php(42): Illuminate\\Database\\Eloquent\\Model::all()
#10 /Users/akashchourasia/Downloads/__MACOSX/vendor/laravel/framework/src/Illuminate/Cache/Repository.php(397): App\\Providers\\AuthServiceProvider->App\\Providers\\{closure}()
#11 /Users/akashchourasia/Downloads/__MACOSX/vendor/laravel/framework/src/Illuminate/Cache/CacheManager.php(408): Illuminate\\Cache\\Repository->remember('sections', 3600, Object(Closure))
#12 /Users/akashchourasia/Downloads/__MACOSX/vendor/laravel/framework/src/Illuminate/Support/Facades/Facade.php(338): Illuminate\\Cache\\CacheManager->__call('remember', Array)
#13 /Users/akashchourasia/Downloads/__MACOSX/app/Providers/AuthServiceProvider.php(43): Illuminate\\Support\\Facades\\Facade::__callStatic('remember', Array)
#14 /Users/akashchourasia/Downloads/__MACOSX/vendor/laravel/framework/src/Illuminate/Container/BoundMethod.php(36): App\\Providers\\AuthServiceProvider->boot()
#15 /Users/akashchourasia/Downloads/__MACOSX/vendor/laravel/framework/src/Illuminate/Container/Util.php(41): Illuminate\\Container\\BoundMethod::Illuminate\\Container\\{closure}()
#16 /Users/akashchourasia/Downloads/__MACOSX/vendor/laravel/framework/src/Illuminate/Container/BoundMethod.php(93): Illuminate\\Container\\Util::unwrapIfClosure(Object(Closure))
#17 /Users/akashchourasia/Downloads/__MACOSX/vendor/laravel/framework/src/Illuminate/Container/BoundMethod.php(37): Illuminate\\Container\\BoundMethod::callBoundMethod(Object(Illuminate\\Foundation\\Application), Array, Object(Closure))
#18 /Users/akashchourasia/Downloads/__MACOSX/vendor/laravel/framework/src/Illuminate/Container/Container.php(661): Illuminate\\Container\\BoundMethod::call(Object(Illuminate\\Foundation\\Application), Array, Array, NULL)
#19 /Users/akashchourasia/Downloads/__MACOSX/vendor/laravel/framework/src/Illuminate/Foundation/Application.php(954): Illuminate\\Container\\Container->call(Array)
#20 /Users/akashchourasia/Downloads/__MACOSX/vendor/laravel/framework/src/Illuminate/Foundation/Application.php(935): Illuminate\\Foundation\\Application->bootProvider(Object(App\\Providers\\AuthServiceProvider))
#21 [internal function]: Illuminate\\Foundation\\Application->Illuminate\\Foundation\\{closure}(Object(App\\Providers\\AuthServiceProvider), 61)
#22 /Users/akashchourasia/Downloads/__MACOSX/vendor/laravel/framework/src/Illuminate/Foundation/Application.php(936): array_walk(Array, Object(Closure))
#23 /Users/akashchourasia/Downloads/__MACOSX/vendor/laravel/framework/src/Illuminate/Foundation/Bootstrap/BootProviders.php(17): Illuminate\\Foundation\\Application->boot()
#24 /Users/akashchourasia/Downloads/__MACOSX/vendor/laravel/framework/src/Illuminate/Foundation/Application.php(265): Illuminate\\Foundation\\Bootstrap\\BootProviders->bootstrap(Object(Illuminate\\Foundation\\Application))
#25 /Users/akashchourasia/Downloads/__MACOSX/vendor/laravel/framework/src/Illuminate/Foundation/Console/Kernel.php(383): Illuminate\\Foundation\\Application->bootstrapWith(Array)
#26 /Users/akashchourasia/Downloads/__MACOSX/vendor/laravel/framework/src/Illuminate/Foundation/Console/Kernel.php(153): Illuminate\\Foundation\\Console\\Kernel->bootstrap()
#27 /Users/akashchourasia/Downloads/__MACOSX/artisan(37): Illuminate\\Foundation\\Console\\Kernel->handle(Object(Symfony\\Component\\Console\\Input\\ArgvInput), Object(Symfony\\Component\\Console\\Output\\ConsoleOutput))
#28 {main}

[previous exception] [object] (PDOException(code: 1045): SQLSTATE[HY000] [1045] Access denied for user 'root'@'localhost' (using password: YES) at /Users/akashchourasia/Downloads/__MACOSX/vendor/laravel/framework/src/Illuminate/Database/Connectors/Connector.php:70)
[stacktrace]
#0 /Users/akashchourasia/Downloads/__MACOSX/vendor/laravel/framework/src/Illuminate/Database/Connectors/Connector.php(70): PDO->__construct('mysql:host=127....', 'root', '1qaz!QAZ@Akash', Array)
#1 /Users/akashchourasia/Downloads/__MACOSX/vendor/laravel/framework/src/Illuminate/Database/Connectors/Connector.php(46): Illuminate\\Database\\Connectors\\Connector->createPdoConnection('mysql:host=127....', 'root', '1qaz!QAZ@Akash', Array)
#2 /Users/akashchourasia/Downloads/__MACOSX/vendor/laravel/framework/src/Illuminate/Database/Connectors/MySqlConnector.php(24): Illuminate\\Database\\Connectors\\Connector->createConnection('mysql:host=127....', Array, Array)
#3 /Users/akashchourasia/Downloads/__MACOSX/vendor/laravel/framework/src/Illuminate/Database/Connectors/ConnectionFactory.php(184): Illuminate\\Database\\Connectors\\MySqlConnector->connect(Array)
#4 [internal function]: Illuminate\\Database\\Connectors\\ConnectionFactory->Illuminate\\Database\\Connectors\\{closure}()
#5 /Users/akashchourasia/Downloads/__MACOSX/vendor/laravel/framework/src/Illuminate/Database/Connection.php(1181): call_user_func(Object(Closure))
#6 /Users/akashchourasia/Downloads/__MACOSX/vendor/laravel/framework/src/Illuminate/Database/Connection.php(1217): Illuminate\\Database\\Connection->getPdo()
#7 /Users/akashchourasia/Downloads/__MACOSX/vendor/laravel/framework/src/Illuminate/Database/Connection.php(486): Illuminate\\Database\\Connection->getReadPdo()
#8 /Users/akashchourasia/Downloads/__MACOSX/vendor/laravel/framework/src/Illuminate/Database/Connection.php(414): Illuminate\\Database\\Connection->getPdoForSelect(true)
#9 /Users/akashchourasia/Downloads/__MACOSX/vendor/laravel/framework/src/Illuminate/Database/Connection.php(753): Illuminate\\Database\\Connection->Illuminate\\Database\\{closure}('select * from `...', Array)
#10 /Users/akashchourasia/Downloads/__MACOSX/vendor/laravel/framework/src/Illuminate/Database/Connection.php(720): Illuminate\\Database\\Connection->runQueryCallback('select * from `...', Array, Object(Closure))
#11 /Users/akashchourasia/Downloads/__MACOSX/vendor/laravel/framework/src/Illuminate/Database/Connection.php(422): Illuminate\\Database\\Connection->run('select * from `...', Array, Object(Closure))
#12 /Users/akashchourasia/Downloads/__MACOSX/vendor/laravel/framework/src/Illuminate/Database/Query/Builder.php(2706): Illuminate\\Database\\Connection->select('select * from `...', Array, true)
#13 /Users/akashchourasia/Downloads/__MACOSX/vendor/laravel/framework/src/Illuminate/Database/Query/Builder.php(2694): Illuminate\\Database\\Query\\Builder->runSelect()
#14 /Users/akashchourasia/Downloads/__MACOSX/vendor/laravel/framework/src/Illuminate/Database/Query/Builder.php(3230): Illuminate\\Database\\Query\\Builder->Illuminate\\Database\\Query\\{closure}()
#15 /Users/akashchourasia/Downloads/__MACOSX/vendor/laravel/framework/src/Illuminate/Database/Query/Builder.php(2695): Illuminate\\Database\\Query\\Builder->onceWithColumns(Array, Object(Closure))
#16 /Users/akashchourasia/Downloads/__MACOSX/vendor/laravel/framework/src/Illuminate/Database/Eloquent/Builder.php(710): Illuminate\\Database\\Query\\Builder->get(Array)
#17 /Users/akashchourasia/Downloads/__MACOSX/vendor/laravel/framework/src/Illuminate/Database/Eloquent/Builder.php(694): Illuminate\\Database\\Eloquent\\Builder->getModels(Array)
#18 /Users/akashchourasia/Downloads/__MACOSX/vendor/laravel/framework/src/Illuminate/Database/Eloquent/Model.php(674): Illuminate\\Database\\Eloquent\\Builder->get(Array)
#19 /Users/akashchourasia/Downloads/__MACOSX/app/Providers/AuthServiceProvider.php(42): Illuminate\\Database\\Eloquent\\Model::all()
#20 /Users/akashchourasia/Downloads/__MACOSX/vendor/laravel/framework/src/Illuminate/Cache/Repository.php(397): App\\Providers\\AuthServiceProvider->App\\Providers\\{closure}()
#21 /Users/akashchourasia/Downloads/__MACOSX/vendor/laravel/framework/src/Illuminate/Cache/CacheManager.php(408): Illuminate\\Cache\\Repository->remember('sections', 3600, Object(Closure))
#22 /Users/akashchourasia/Downloads/__MACOSX/vendor/laravel/framework/src/Illuminate/Support/Facades/Facade.php(338): Illuminate\\Cache\\CacheManager->__call('remember', Array)
#23 /Users/akashchourasia/Downloads/__MACOSX/app/Providers/AuthServiceProvider.php(43): Illuminate\\Support\\Facades\\Facade::__callStatic('remember', Array)
#24 /Users/akashchourasia/Downloads/__MACOSX/vendor/laravel/framework/src/Illuminate/Container/BoundMethod.php(36): App\\Providers\\AuthServiceProvider->boot()
#25 /Users/akashchourasia/Downloads/__MACOSX/vendor/laravel/framework/src/Illuminate/Container/Util.php(41): Illuminate\\Container\\BoundMethod::Illuminate\\Container\\{closure}()
#26 /Users/akashchourasia/Downloads/__MACOSX/vendor/laravel/framework/src/Illuminate/Container/BoundMethod.php(93): Illuminate\\Container\\Util::unwrapIfClosure(Object(Closure))
#27 /Users/akashchourasia/Downloads/__MACOSX/vendor/laravel/framework/src/Illuminate/Container/BoundMethod.php(37): Illuminate\\Container\\BoundMethod::callBoundMethod(Object(Illuminate\\Foundation\\Application), Array, Object(Closure))
#28 /Users/akashchourasia/Downloads/__MACOSX/vendor/laravel/framework/src/Illuminate/Container/Container.php(661): Illuminate\\Container\\BoundMethod::call(Object(Illuminate\\Foundation\\Application), Array, Array, NULL)
#29 /Users/akashchourasia/Downloads/__MACOSX/vendor/laravel/framework/src/Illuminate/Foundation/Application.php(954): Illuminate\\Container\\Container->call(Array)
#30 /Users/akashchourasia/Downloads/__MACOSX/vendor/laravel/framework/src/Illuminate/Foundation/Application.php(935): Illuminate\\Foundation\\Application->bootProvider(Object(App\\Providers\\AuthServiceProvider))
#31 [internal function]: Illuminate\\Foundation\\Application->Illuminate\\Foundation\\{closure}(Object(App\\Providers\\AuthServiceProvider), 61)
#32 /Users/akashchourasia/Downloads/__MACOSX/vendor/laravel/framework/src/Illuminate/Foundation/Application.php(936): array_walk(Array, Object(Closure))
#33 /Users/akashchourasia/Downloads/__MACOSX/vendor/laravel/framework/src/Illuminate/Foundation/Bootstrap/BootProviders.php(17): Illuminate\\Foundation\\Application->boot()
#34 /Users/akashchourasia/Downloads/__MACOSX/vendor/laravel/framework/src/Illuminate/Foundation/Application.php(265): Illuminate\\Foundation\\Bootstrap\\BootProviders->bootstrap(Object(Illuminate\\Foundation\\Application))
#35 /Users/akashchourasia/Downloads/__MACOSX/vendor/laravel/framework/src/Illuminate/Foundation/Console/Kernel.php(383): Illuminate\\Foundation\\Application->bootstrapWith(Array)
#36 /Users/akashchourasia/Downloads/__MACOSX/vendor/laravel/framework/src/Illuminate/Foundation/Console/Kernel.php(153): Illuminate\\Foundation\\Console\\Kernel->bootstrap()
#37 /Users/akashchourasia/Downloads/__MACOSX/artisan(37): Illuminate\\Foundation\\Console\\Kernel->handle(Object(Symfony\\Component\\Console\\Input\\ArgvInput), Object(Symfony\\Component\\Console\\Output\\ConsoleOutput))
#38 {main}
"} 
[2025-04-02 17:15:55] development.ERROR: SQLSTATE[HY000] [1049] Unknown database 'oxlircor_emsdb_new' (SQL: select * from `sections`) {"exception":"[object] (Illuminate\\Database\\QueryException(code: 1049): SQLSTATE[HY000] [1049] Unknown database 'oxlircor_emsdb_new' (SQL: select * from `sections`) at /Users/akashchourasia/Downloads/__MACOSX/vendor/laravel/framework/src/Illuminate/Database/Connection.php:760)
[stacktrace]
#0 /Users/akashchourasia/Downloads/__MACOSX/vendor/laravel/framework/src/Illuminate/Database/Connection.php(720): Illuminate\\Database\\Connection->runQueryCallback('select * from `...', Array, Object(Closure))
#1 /Users/akashchourasia/Downloads/__MACOSX/vendor/laravel/framework/src/Illuminate/Database/Connection.php(422): Illuminate\\Database\\Connection->run('select * from `...', Array, Object(Closure))
#2 /Users/akashchourasia/Downloads/__MACOSX/vendor/laravel/framework/src/Illuminate/Database/Query/Builder.php(2706): Illuminate\\Database\\Connection->select('select * from `...', Array, true)
#3 /Users/akashchourasia/Downloads/__MACOSX/vendor/laravel/framework/src/Illuminate/Database/Query/Builder.php(2694): Illuminate\\Database\\Query\\Builder->runSelect()
#4 /Users/akashchourasia/Downloads/__MACOSX/vendor/laravel/framework/src/Illuminate/Database/Query/Builder.php(3230): Illuminate\\Database\\Query\\Builder->Illuminate\\Database\\Query\\{closure}()
#5 /Users/akashchourasia/Downloads/__MACOSX/vendor/laravel/framework/src/Illuminate/Database/Query/Builder.php(2695): Illuminate\\Database\\Query\\Builder->onceWithColumns(Array, Object(Closure))
#6 /Users/akashchourasia/Downloads/__MACOSX/vendor/laravel/framework/src/Illuminate/Database/Eloquent/Builder.php(710): Illuminate\\Database\\Query\\Builder->get(Array)
#7 /Users/akashchourasia/Downloads/__MACOSX/vendor/laravel/framework/src/Illuminate/Database/Eloquent/Builder.php(694): Illuminate\\Database\\Eloquent\\Builder->getModels(Array)
#8 /Users/akashchourasia/Downloads/__MACOSX/vendor/laravel/framework/src/Illuminate/Database/Eloquent/Model.php(674): Illuminate\\Database\\Eloquent\\Builder->get(Array)
#9 /Users/akashchourasia/Downloads/__MACOSX/app/Providers/AuthServiceProvider.php(42): Illuminate\\Database\\Eloquent\\Model::all()
#10 /Users/akashchourasia/Downloads/__MACOSX/vendor/laravel/framework/src/Illuminate/Cache/Repository.php(397): App\\Providers\\AuthServiceProvider->App\\Providers\\{closure}()
#11 /Users/akashchourasia/Downloads/__MACOSX/vendor/laravel/framework/src/Illuminate/Cache/CacheManager.php(408): Illuminate\\Cache\\Repository->remember('sections', 3600, Object(Closure))
#12 /Users/akashchourasia/Downloads/__MACOSX/vendor/laravel/framework/src/Illuminate/Support/Facades/Facade.php(338): Illuminate\\Cache\\CacheManager->__call('remember', Array)
#13 /Users/akashchourasia/Downloads/__MACOSX/app/Providers/AuthServiceProvider.php(43): Illuminate\\Support\\Facades\\Facade::__callStatic('remember', Array)
#14 /Users/akashchourasia/Downloads/__MACOSX/vendor/laravel/framework/src/Illuminate/Container/BoundMethod.php(36): App\\Providers\\AuthServiceProvider->boot()
#15 /Users/akashchourasia/Downloads/__MACOSX/vendor/laravel/framework/src/Illuminate/Container/Util.php(41): Illuminate\\Container\\BoundMethod::Illuminate\\Container\\{closure}()
#16 /Users/akashchourasia/Downloads/__MACOSX/vendor/laravel/framework/src/Illuminate/Container/BoundMethod.php(93): Illuminate\\Container\\Util::unwrapIfClosure(Object(Closure))
#17 /Users/akashchourasia/Downloads/__MACOSX/vendor/laravel/framework/src/Illuminate/Container/BoundMethod.php(37): Illuminate\\Container\\BoundMethod::callBoundMethod(Object(Illuminate\\Foundation\\Application), Array, Object(Closure))
#18 /Users/akashchourasia/Downloads/__MACOSX/vendor/laravel/framework/src/Illuminate/Container/Container.php(661): Illuminate\\Container\\BoundMethod::call(Object(Illuminate\\Foundation\\Application), Array, Array, NULL)
#19 /Users/akashchourasia/Downloads/__MACOSX/vendor/laravel/framework/src/Illuminate/Foundation/Application.php(954): Illuminate\\Container\\Container->call(Array)
#20 /Users/akashchourasia/Downloads/__MACOSX/vendor/laravel/framework/src/Illuminate/Foundation/Application.php(935): Illuminate\\Foundation\\Application->bootProvider(Object(App\\Providers\\AuthServiceProvider))
#21 [internal function]: Illuminate\\Foundation\\Application->Illuminate\\Foundation\\{closure}(Object(App\\Providers\\AuthServiceProvider), 61)
#22 /Users/akashchourasia/Downloads/__MACOSX/vendor/laravel/framework/src/Illuminate/Foundation/Application.php(936): array_walk(Array, Object(Closure))
#23 /Users/akashchourasia/Downloads/__MACOSX/vendor/laravel/framework/src/Illuminate/Foundation/Bootstrap/BootProviders.php(17): Illuminate\\Foundation\\Application->boot()
#24 /Users/akashchourasia/Downloads/__MACOSX/vendor/laravel/framework/src/Illuminate/Foundation/Application.php(265): Illuminate\\Foundation\\Bootstrap\\BootProviders->bootstrap(Object(Illuminate\\Foundation\\Application))
#25 /Users/akashchourasia/Downloads/__MACOSX/vendor/laravel/framework/src/Illuminate/Foundation/Console/Kernel.php(383): Illuminate\\Foundation\\Application->bootstrapWith(Array)
#26 /Users/akashchourasia/Downloads/__MACOSX/vendor/laravel/framework/src/Illuminate/Foundation/Console/Kernel.php(153): Illuminate\\Foundation\\Console\\Kernel->bootstrap()
#27 /Users/akashchourasia/Downloads/__MACOSX/artisan(37): Illuminate\\Foundation\\Console\\Kernel->handle(Object(Symfony\\Component\\Console\\Input\\ArgvInput), Object(Symfony\\Component\\Console\\Output\\ConsoleOutput))
#28 {main}

[previous exception] [object] (PDOException(code: 1049): SQLSTATE[HY000] [1049] Unknown database 'oxlircor_emsdb_new' at /Users/akashchourasia/Downloads/__MACOSX/vendor/laravel/framework/src/Illuminate/Database/Connectors/Connector.php:70)
[stacktrace]
#0 /Users/akashchourasia/Downloads/__MACOSX/vendor/laravel/framework/src/Illuminate/Database/Connectors/Connector.php(70): PDO->__construct('mysql:host=127....', 'root', '', Array)
#1 /Users/akashchourasia/Downloads/__MACOSX/vendor/laravel/framework/src/Illuminate/Database/Connectors/Connector.php(46): Illuminate\\Database\\Connectors\\Connector->createPdoConnection('mysql:host=127....', 'root', '', Array)
#2 /Users/akashchourasia/Downloads/__MACOSX/vendor/laravel/framework/src/Illuminate/Database/Connectors/MySqlConnector.php(24): Illuminate\\Database\\Connectors\\Connector->createConnection('mysql:host=127....', Array, Array)
#3 /Users/akashchourasia/Downloads/__MACOSX/vendor/laravel/framework/src/Illuminate/Database/Connectors/ConnectionFactory.php(184): Illuminate\\Database\\Connectors\\MySqlConnector->connect(Array)
#4 [internal function]: Illuminate\\Database\\Connectors\\ConnectionFactory->Illuminate\\Database\\Connectors\\{closure}()
#5 /Users/akashchourasia/Downloads/__MACOSX/vendor/laravel/framework/src/Illuminate/Database/Connection.php(1181): call_user_func(Object(Closure))
#6 /Users/akashchourasia/Downloads/__MACOSX/vendor/laravel/framework/src/Illuminate/Database/Connection.php(1217): Illuminate\\Database\\Connection->getPdo()
#7 /Users/akashchourasia/Downloads/__MACOSX/vendor/laravel/framework/src/Illuminate/Database/Connection.php(486): Illuminate\\Database\\Connection->getReadPdo()
#8 /Users/akashchourasia/Downloads/__MACOSX/vendor/laravel/framework/src/Illuminate/Database/Connection.php(414): Illuminate\\Database\\Connection->getPdoForSelect(true)
#9 /Users/akashchourasia/Downloads/__MACOSX/vendor/laravel/framework/src/Illuminate/Database/Connection.php(753): Illuminate\\Database\\Connection->Illuminate\\Database\\{closure}('select * from `...', Array)
#10 /Users/akashchourasia/Downloads/__MACOSX/vendor/laravel/framework/src/Illuminate/Database/Connection.php(720): Illuminate\\Database\\Connection->runQueryCallback('select * from `...', Array, Object(Closure))
#11 /Users/akashchourasia/Downloads/__MACOSX/vendor/laravel/framework/src/Illuminate/Database/Connection.php(422): Illuminate\\Database\\Connection->run('select * from `...', Array, Object(Closure))
#12 /Users/akashchourasia/Downloads/__MACOSX/vendor/laravel/framework/src/Illuminate/Database/Query/Builder.php(2706): Illuminate\\Database\\Connection->select('select * from `...', Array, true)
#13 /Users/akashchourasia/Downloads/__MACOSX/vendor/laravel/framework/src/Illuminate/Database/Query/Builder.php(2694): Illuminate\\Database\\Query\\Builder->runSelect()
#14 /Users/akashchourasia/Downloads/__MACOSX/vendor/laravel/framework/src/Illuminate/Database/Query/Builder.php(3230): Illuminate\\Database\\Query\\Builder->Illuminate\\Database\\Query\\{closure}()
#15 /Users/akashchourasia/Downloads/__MACOSX/vendor/laravel/framework/src/Illuminate/Database/Query/Builder.php(2695): Illuminate\\Database\\Query\\Builder->onceWithColumns(Array, Object(Closure))
#16 /Users/akashchourasia/Downloads/__MACOSX/vendor/laravel/framework/src/Illuminate/Database/Eloquent/Builder.php(710): Illuminate\\Database\\Query\\Builder->get(Array)
#17 /Users/akashchourasia/Downloads/__MACOSX/vendor/laravel/framework/src/Illuminate/Database/Eloquent/Builder.php(694): Illuminate\\Database\\Eloquent\\Builder->getModels(Array)
#18 /Users/akashchourasia/Downloads/__MACOSX/vendor/laravel/framework/src/Illuminate/Database/Eloquent/Model.php(674): Illuminate\\Database\\Eloquent\\Builder->get(Array)
#19 /Users/akashchourasia/Downloads/__MACOSX/app/Providers/AuthServiceProvider.php(42): Illuminate\\Database\\Eloquent\\Model::all()
#20 /Users/akashchourasia/Downloads/__MACOSX/vendor/laravel/framework/src/Illuminate/Cache/Repository.php(397): App\\Providers\\AuthServiceProvider->App\\Providers\\{closure}()
#21 /Users/akashchourasia/Downloads/__MACOSX/vendor/laravel/framework/src/Illuminate/Cache/CacheManager.php(408): Illuminate\\Cache\\Repository->remember('sections', 3600, Object(Closure))
#22 /Users/akashchourasia/Downloads/__MACOSX/vendor/laravel/framework/src/Illuminate/Support/Facades/Facade.php(338): Illuminate\\Cache\\CacheManager->__call('remember', Array)
#23 /Users/akashchourasia/Downloads/__MACOSX/app/Providers/AuthServiceProvider.php(43): Illuminate\\Support\\Facades\\Facade::__callStatic('remember', Array)
#24 /Users/akashchourasia/Downloads/__MACOSX/vendor/laravel/framework/src/Illuminate/Container/BoundMethod.php(36): App\\Providers\\AuthServiceProvider->boot()
#25 /Users/akashchourasia/Downloads/__MACOSX/vendor/laravel/framework/src/Illuminate/Container/Util.php(41): Illuminate\\Container\\BoundMethod::Illuminate\\Container\\{closure}()
#26 /Users/akashchourasia/Downloads/__MACOSX/vendor/laravel/framework/src/Illuminate/Container/BoundMethod.php(93): Illuminate\\Container\\Util::unwrapIfClosure(Object(Closure))
#27 /Users/akashchourasia/Downloads/__MACOSX/vendor/laravel/framework/src/Illuminate/Container/BoundMethod.php(37): Illuminate\\Container\\BoundMethod::callBoundMethod(Object(Illuminate\\Foundation\\Application), Array, Object(Closure))
#28 /Users/akashchourasia/Downloads/__MACOSX/vendor/laravel/framework/src/Illuminate/Container/Container.php(661): Illuminate\\Container\\BoundMethod::call(Object(Illuminate\\Foundation\\Application), Array, Array, NULL)
#29 /Users/akashchourasia/Downloads/__MACOSX/vendor/laravel/framework/src/Illuminate/Foundation/Application.php(954): Illuminate\\Container\\Container->call(Array)
#30 /Users/akashchourasia/Downloads/__MACOSX/vendor/laravel/framework/src/Illuminate/Foundation/Application.php(935): Illuminate\\Foundation\\Application->bootProvider(Object(App\\Providers\\AuthServiceProvider))
#31 [internal function]: Illuminate\\Foundation\\Application->Illuminate\\Foundation\\{closure}(Object(App\\Providers\\AuthServiceProvider), 61)
#32 /Users/akashchourasia/Downloads/__MACOSX/vendor/laravel/framework/src/Illuminate/Foundation/Application.php(936): array_walk(Array, Object(Closure))
#33 /Users/akashchourasia/Downloads/__MACOSX/vendor/laravel/framework/src/Illuminate/Foundation/Bootstrap/BootProviders.php(17): Illuminate\\Foundation\\Application->boot()
#34 /Users/akashchourasia/Downloads/__MACOSX/vendor/laravel/framework/src/Illuminate/Foundation/Application.php(265): Illuminate\\Foundation\\Bootstrap\\BootProviders->bootstrap(Object(Illuminate\\Foundation\\Application))
#35 /Users/akashchourasia/Downloads/__MACOSX/vendor/laravel/framework/src/Illuminate/Foundation/Console/Kernel.php(383): Illuminate\\Foundation\\Application->bootstrapWith(Array)
#36 /Users/akashchourasia/Downloads/__MACOSX/vendor/laravel/framework/src/Illuminate/Foundation/Console/Kernel.php(153): Illuminate\\Foundation\\Console\\Kernel->bootstrap()
#37 /Users/akashchourasia/Downloads/__MACOSX/artisan(37): Illuminate\\Foundation\\Console\\Kernel->handle(Object(Symfony\\Component\\Console\\Input\\ArgvInput), Object(Symfony\\Component\\Console\\Output\\ConsoleOutput))
#38 {main}
"} 
[2025-04-02 17:18:12] development.ERROR: SQLSTATE[42S02]: Base table or view not found: 1932 Table 'emsdb.sections' doesn't exist in engine (SQL: select * from `sections`) {"exception":"[object] (Illuminate\\Database\\QueryException(code: 42S02): SQLSTATE[42S02]: Base table or view not found: 1932 Table 'emsdb.sections' doesn't exist in engine (SQL: select * from `sections`) at /Users/akashchourasia/Downloads/__MACOSX/vendor/laravel/framework/src/Illuminate/Database/Connection.php:760)
[stacktrace]
#0 /Users/akashchourasia/Downloads/__MACOSX/vendor/laravel/framework/src/Illuminate/Database/Connection.php(720): Illuminate\\Database\\Connection->runQueryCallback('select * from `...', Array, Object(Closure))
#1 /Users/akashchourasia/Downloads/__MACOSX/vendor/laravel/framework/src/Illuminate/Database/Connection.php(422): Illuminate\\Database\\Connection->run('select * from `...', Array, Object(Closure))
#2 /Users/akashchourasia/Downloads/__MACOSX/vendor/laravel/framework/src/Illuminate/Database/Query/Builder.php(2706): Illuminate\\Database\\Connection->select('select * from `...', Array, true)
#3 /Users/akashchourasia/Downloads/__MACOSX/vendor/laravel/framework/src/Illuminate/Database/Query/Builder.php(2694): Illuminate\\Database\\Query\\Builder->runSelect()
#4 /Users/akashchourasia/Downloads/__MACOSX/vendor/laravel/framework/src/Illuminate/Database/Query/Builder.php(3230): Illuminate\\Database\\Query\\Builder->Illuminate\\Database\\Query\\{closure}()
#5 /Users/akashchourasia/Downloads/__MACOSX/vendor/laravel/framework/src/Illuminate/Database/Query/Builder.php(2695): Illuminate\\Database\\Query\\Builder->onceWithColumns(Array, Object(Closure))
#6 /Users/akashchourasia/Downloads/__MACOSX/vendor/laravel/framework/src/Illuminate/Database/Eloquent/Builder.php(710): Illuminate\\Database\\Query\\Builder->get(Array)
#7 /Users/akashchourasia/Downloads/__MACOSX/vendor/laravel/framework/src/Illuminate/Database/Eloquent/Builder.php(694): Illuminate\\Database\\Eloquent\\Builder->getModels(Array)
#8 /Users/akashchourasia/Downloads/__MACOSX/vendor/laravel/framework/src/Illuminate/Database/Eloquent/Model.php(674): Illuminate\\Database\\Eloquent\\Builder->get(Array)
#9 /Users/akashchourasia/Downloads/__MACOSX/app/Providers/AuthServiceProvider.php(42): Illuminate\\Database\\Eloquent\\Model::all()
#10 /Users/akashchourasia/Downloads/__MACOSX/vendor/laravel/framework/src/Illuminate/Cache/Repository.php(397): App\\Providers\\AuthServiceProvider->App\\Providers\\{closure}()
#11 /Users/akashchourasia/Downloads/__MACOSX/vendor/laravel/framework/src/Illuminate/Cache/CacheManager.php(408): Illuminate\\Cache\\Repository->remember('sections', 3600, Object(Closure))
#12 /Users/akashchourasia/Downloads/__MACOSX/vendor/laravel/framework/src/Illuminate/Support/Facades/Facade.php(338): Illuminate\\Cache\\CacheManager->__call('remember', Array)
#13 /Users/akashchourasia/Downloads/__MACOSX/app/Providers/AuthServiceProvider.php(43): Illuminate\\Support\\Facades\\Facade::__callStatic('remember', Array)
#14 /Users/akashchourasia/Downloads/__MACOSX/vendor/laravel/framework/src/Illuminate/Container/BoundMethod.php(36): App\\Providers\\AuthServiceProvider->boot()
#15 /Users/akashchourasia/Downloads/__MACOSX/vendor/laravel/framework/src/Illuminate/Container/Util.php(41): Illuminate\\Container\\BoundMethod::Illuminate\\Container\\{closure}()
#16 /Users/akashchourasia/Downloads/__MACOSX/vendor/laravel/framework/src/Illuminate/Container/BoundMethod.php(93): Illuminate\\Container\\Util::unwrapIfClosure(Object(Closure))
#17 /Users/akashchourasia/Downloads/__MACOSX/vendor/laravel/framework/src/Illuminate/Container/BoundMethod.php(37): Illuminate\\Container\\BoundMethod::callBoundMethod(Object(Illuminate\\Foundation\\Application), Array, Object(Closure))
#18 /Users/akashchourasia/Downloads/__MACOSX/vendor/laravel/framework/src/Illuminate/Container/Container.php(661): Illuminate\\Container\\BoundMethod::call(Object(Illuminate\\Foundation\\Application), Array, Array, NULL)
#19 /Users/akashchourasia/Downloads/__MACOSX/vendor/laravel/framework/src/Illuminate/Foundation/Application.php(954): Illuminate\\Container\\Container->call(Array)
#20 /Users/akashchourasia/Downloads/__MACOSX/vendor/laravel/framework/src/Illuminate/Foundation/Application.php(935): Illuminate\\Foundation\\Application->bootProvider(Object(App\\Providers\\AuthServiceProvider))
#21 [internal function]: Illuminate\\Foundation\\Application->Illuminate\\Foundation\\{closure}(Object(App\\Providers\\AuthServiceProvider), 61)
#22 /Users/akashchourasia/Downloads/__MACOSX/vendor/laravel/framework/src/Illuminate/Foundation/Application.php(936): array_walk(Array, Object(Closure))
#23 /Users/akashchourasia/Downloads/__MACOSX/vendor/laravel/framework/src/Illuminate/Foundation/Bootstrap/BootProviders.php(17): Illuminate\\Foundation\\Application->boot()
#24 /Users/akashchourasia/Downloads/__MACOSX/vendor/laravel/framework/src/Illuminate/Foundation/Application.php(265): Illuminate\\Foundation\\Bootstrap\\BootProviders->bootstrap(Object(Illuminate\\Foundation\\Application))
#25 /Users/akashchourasia/Downloads/__MACOSX/vendor/laravel/framework/src/Illuminate/Foundation/Console/Kernel.php(383): Illuminate\\Foundation\\Application->bootstrapWith(Array)
#26 /Users/akashchourasia/Downloads/__MACOSX/vendor/laravel/framework/src/Illuminate/Foundation/Console/Kernel.php(153): Illuminate\\Foundation\\Console\\Kernel->bootstrap()
#27 /Users/akashchourasia/Downloads/__MACOSX/artisan(37): Illuminate\\Foundation\\Console\\Kernel->handle(Object(Symfony\\Component\\Console\\Input\\ArgvInput), Object(Symfony\\Component\\Console\\Output\\ConsoleOutput))
#28 {main}

[previous exception] [object] (PDOException(code: 42S02): SQLSTATE[42S02]: Base table or view not found: 1932 Table 'emsdb.sections' doesn't exist in engine at /Users/akashchourasia/Downloads/__MACOSX/vendor/laravel/framework/src/Illuminate/Database/Connection.php:414)
[stacktrace]
#0 /Users/akashchourasia/Downloads/__MACOSX/vendor/laravel/framework/src/Illuminate/Database/Connection.php(414): PDO->prepare('select * from `...')
#1 /Users/akashchourasia/Downloads/__MACOSX/vendor/laravel/framework/src/Illuminate/Database/Connection.php(753): Illuminate\\Database\\Connection->Illuminate\\Database\\{closure}('select * from `...', Array)
#2 /Users/akashchourasia/Downloads/__MACOSX/vendor/laravel/framework/src/Illuminate/Database/Connection.php(720): Illuminate\\Database\\Connection->runQueryCallback('select * from `...', Array, Object(Closure))
#3 /Users/akashchourasia/Downloads/__MACOSX/vendor/laravel/framework/src/Illuminate/Database/Connection.php(422): Illuminate\\Database\\Connection->run('select * from `...', Array, Object(Closure))
#4 /Users/akashchourasia/Downloads/__MACOSX/vendor/laravel/framework/src/Illuminate/Database/Query/Builder.php(2706): Illuminate\\Database\\Connection->select('select * from `...', Array, true)
#5 /Users/akashchourasia/Downloads/__MACOSX/vendor/laravel/framework/src/Illuminate/Database/Query/Builder.php(2694): Illuminate\\Database\\Query\\Builder->runSelect()
#6 /Users/akashchourasia/Downloads/__MACOSX/vendor/laravel/framework/src/Illuminate/Database/Query/Builder.php(3230): Illuminate\\Database\\Query\\Builder->Illuminate\\Database\\Query\\{closure}()
#7 /Users/akashchourasia/Downloads/__MACOSX/vendor/laravel/framework/src/Illuminate/Database/Query/Builder.php(2695): Illuminate\\Database\\Query\\Builder->onceWithColumns(Array, Object(Closure))
#8 /Users/akashchourasia/Downloads/__MACOSX/vendor/laravel/framework/src/Illuminate/Database/Eloquent/Builder.php(710): Illuminate\\Database\\Query\\Builder->get(Array)
#9 /Users/akashchourasia/Downloads/__MACOSX/vendor/laravel/framework/src/Illuminate/Database/Eloquent/Builder.php(694): Illuminate\\Database\\Eloquent\\Builder->getModels(Array)
#10 /Users/akashchourasia/Downloads/__MACOSX/vendor/laravel/framework/src/Illuminate/Database/Eloquent/Model.php(674): Illuminate\\Database\\Eloquent\\Builder->get(Array)
#11 /Users/akashchourasia/Downloads/__MACOSX/app/Providers/AuthServiceProvider.php(42): Illuminate\\Database\\Eloquent\\Model::all()
#12 /Users/akashchourasia/Downloads/__MACOSX/vendor/laravel/framework/src/Illuminate/Cache/Repository.php(397): App\\Providers\\AuthServiceProvider->App\\Providers\\{closure}()
#13 /Users/akashchourasia/Downloads/__MACOSX/vendor/laravel/framework/src/Illuminate/Cache/CacheManager.php(408): Illuminate\\Cache\\Repository->remember('sections', 3600, Object(Closure))
#14 /Users/akashchourasia/Downloads/__MACOSX/vendor/laravel/framework/src/Illuminate/Support/Facades/Facade.php(338): Illuminate\\Cache\\CacheManager->__call('remember', Array)
#15 /Users/akashchourasia/Downloads/__MACOSX/app/Providers/AuthServiceProvider.php(43): Illuminate\\Support\\Facades\\Facade::__callStatic('remember', Array)
#16 /Users/akashchourasia/Downloads/__MACOSX/vendor/laravel/framework/src/Illuminate/Container/BoundMethod.php(36): App\\Providers\\AuthServiceProvider->boot()
#17 /Users/akashchourasia/Downloads/__MACOSX/vendor/laravel/framework/src/Illuminate/Container/Util.php(41): Illuminate\\Container\\BoundMethod::Illuminate\\Container\\{closure}()
#18 /Users/akashchourasia/Downloads/__MACOSX/vendor/laravel/framework/src/Illuminate/Container/BoundMethod.php(93): Illuminate\\Container\\Util::unwrapIfClosure(Object(Closure))
#19 /Users/akashchourasia/Downloads/__MACOSX/vendor/laravel/framework/src/Illuminate/Container/BoundMethod.php(37): Illuminate\\Container\\BoundMethod::callBoundMethod(Object(Illuminate\\Foundation\\Application), Array, Object(Closure))
#20 /Users/akashchourasia/Downloads/__MACOSX/vendor/laravel/framework/src/Illuminate/Container/Container.php(661): Illuminate\\Container\\BoundMethod::call(Object(Illuminate\\Foundation\\Application), Array, Array, NULL)
#21 /Users/akashchourasia/Downloads/__MACOSX/vendor/laravel/framework/src/Illuminate/Foundation/Application.php(954): Illuminate\\Container\\Container->call(Array)
#22 /Users/akashchourasia/Downloads/__MACOSX/vendor/laravel/framework/src/Illuminate/Foundation/Application.php(935): Illuminate\\Foundation\\Application->bootProvider(Object(App\\Providers\\AuthServiceProvider))
#23 [internal function]: Illuminate\\Foundation\\Application->Illuminate\\Foundation\\{closure}(Object(App\\Providers\\AuthServiceProvider), 61)
#24 /Users/akashchourasia/Downloads/__MACOSX/vendor/laravel/framework/src/Illuminate/Foundation/Application.php(936): array_walk(Array, Object(Closure))
#25 /Users/akashchourasia/Downloads/__MACOSX/vendor/laravel/framework/src/Illuminate/Foundation/Bootstrap/BootProviders.php(17): Illuminate\\Foundation\\Application->boot()
#26 /Users/akashchourasia/Downloads/__MACOSX/vendor/laravel/framework/src/Illuminate/Foundation/Application.php(265): Illuminate\\Foundation\\Bootstrap\\BootProviders->bootstrap(Object(Illuminate\\Foundation\\Application))
#27 /Users/akashchourasia/Downloads/__MACOSX/vendor/laravel/framework/src/Illuminate/Foundation/Console/Kernel.php(383): Illuminate\\Foundation\\Application->bootstrapWith(Array)
#28 /Users/akashchourasia/Downloads/__MACOSX/vendor/laravel/framework/src/Illuminate/Foundation/Console/Kernel.php(153): Illuminate\\Foundation\\Console\\Kernel->bootstrap()
#29 /Users/akashchourasia/Downloads/__MACOSX/artisan(37): Illuminate\\Foundation\\Console\\Kernel->handle(Object(Symfony\\Component\\Console\\Input\\ArgvInput), Object(Symfony\\Component\\Console\\Output\\ConsoleOutput))
#30 {main}
"} 
